{
    "ABCD_XOR_00_Un": 1.0,
    "ABCD_XOR_05_Un": 0.9574151107679586,
    "ABCD_XOR_10_Un": 0.8624177306350441,
    "ABCD_XOR_15_Un": 0.7365158168178878,
    "ABCD_XOR_20_Un": 0.5938432516792698,
    "ABCD_XOR_25_Un": 0.4464064415667493,
    "ABCD_XOR_30_Un": 0.3053257704493163,
    "ABCD_XOR_35_Un": 0.1811747936624788,
    "ABCD_XOR_40_Un": 0.08377202771535715,
    "ABCD_XOR_45_Un": 0.021461651652511134,
    "ABCD_XOR_50_Un": 0.0
}