{"(('Foxp3', 'IL17', 'STAT3', 'STAT5'), (2, 15, 11, 21))": [0.04150161289562289, 2.6866084778956303, 0.199555869119715], "(('GATA3', 'IL2', 'NFAT', 'Tbet'), (13, 7, 8, 10))": [1.0230982447715218, 1.6274098308348317, 0.1660888744886555], "(('IFNg', 'IL2', 'NFAT', 'NFkB'), (19, 7, 8, 22))": [0.75, 1.9544340029249652, 0.25], "(('IL12R', 'IL2', 'NFAT', 'Tbet'), (4, 7, 8, 10))": [0.6153562199555477, 1.8865177844596135, 0.2918189202404461], "(('IFNg', 'IL21', 'NFAT', 'STAT3'), (19, 20, 8, 11))": [0.8443609377704335, 2.1213839743143796, 0.1390976555739183], "(('GATA3', 'IL12R', 'IL4', 'NFAT'), (13, 4, 3, 8))": [0.607767639070333, 1.6898267934818285, 0.3072603911852051], "(('Foxp3', 'IFNgR', 'NFAT', 'TGFbR'), (2, 9, 8, 16))": [1.041530229585665, 1.550957666239319, 0.427219770414335], "(('GATA3', 'IL4', 'STAT4', 'Tbet'), (13, 3, 24, 10))": [0.9786634977198163, 1.2964226204501377, 0.2739039933722691], "(('GATA3', 'SOCS1', 'STAT4', 'Tbet'), (13, 6, 24, 10))": [1.1282191979507061, 1.354346151683605, 0.2811484349189428], "(('IL17', 'IL6', 'IL6R', 'RORgt'), (15, 27, 14, 5))": [1.3292372214838486, 1.0248237109761753, 0.2176377785161514], "(('IFNg', 'IL21', 'IL21R', 'STAT3'), (19, 20, 26, 11))": [1.4822863187404636, 1.418564443199596, 0.39271368125953643], "(('Jak1', 'SOCS1', 'STAT1', 'STAT6'), (28, 6, 0, 25))": [1.2788942962266063, 1.215172420685739, 0.5961057037733937], "(('Foxp3', 'IFNg', 'NFAT', 'TGFbR'), (2, 19, 8, 16))": [0.6359095894259157, 2.0682271084908295, 0.4578404105740843], "(('Foxp3', 'IL2', 'NFAT', 'TGFbR'), (2, 7, 8, 16))": [0.7434342739690406, 1.5028617106226947, 0.4753157260309594], "(('Foxp3', 'IL12R', 'NFAT', 'TGFbR'), (2, 4, 8, 16))": [0.6549823213975186, 1.7903420320904986, 0.5168926786024814], "(('Foxp3', 'IL2R', 'NFAT', 'TGFbR'), (2, 12, 8, 16))": [0.8734079835923643, 1.6021963580164518, 0.47034201640763573], "(('Foxp3', 'IL21', 'NFAT', 'TGFbR'), (2, 20, 8, 16))": [0.874734588402221, 1.596715910298682, 0.46901541159777904], "(('GATA3', 'IL2', 'STAT4', 'Tbet'), (13, 7, 24, 10))": [0.9781702079771517, 1.2946528626319616, 0.2847793079771008], "(('Foxp3', 'NFAT', 'TGFbR', 'Tbet'), (2, 8, 16, 10))": [0.8134676879274199, 1.566498193237588, 0.4882710327672526], "(('GATA3', 'IL23R', 'STAT4', 'Tbet'), (13, 1, 24, 10))": [0.8790231798104708, 1.9343042303700053, 0.23973686127761273], "(('Foxp3', 'NFAT', 'NFkB', 'TGFbR'), (2, 8, 22, 16))": [0.8734079835923643, 1.6021963580164515, 0.47034201640763573], "(('Foxp3', 'IL4', 'NFAT', 'TGFbR'), (2, 3, 8, 16))": [0.745422504300713, 1.4726137351783355, 0.473327495699287], "(('IL17', 'IL21', 'IL21R', 'STAT3'), (15, 20, 26, 11))": [1.4519445085190128, 1.3985121776023566, 0.3390329328703352], "(('IL4R', 'Jak1', 'SOCS1', 'STAT1'), (17, 28, 6, 0))": [1.2034332259872456, 1.6397113504463783, 0.6715667740127544], "(('IL4', 'Jak1', 'SOCS1', 'STAT1'), (3, 28, 6, 0))": [1.2896945334176482, 1.2075323308210641, 0.5853054665823518], "(('Foxp3', 'NFAT', 'STAT1', 'TGFbR'), (2, 8, 0, 16))": [0.6679732037296799, 1.9274006403833337, 0.5507767962703201], "(('IL17', 'Jak1', 'SOCS1', 'STAT1'), (15, 28, 6, 0))": [1.4287124736868566, 1.2905489465991995, 0.6122649677024914], "(('Foxp3', 'IL21', 'IL21R', 'NFAT'), (2, 20, 26, 8))": [1.7831012827782335, 0.9224691750165904, 0.49814871722176646], "(('GATA3', 'IL4', 'IL4R', 'STAT6'), (13, 3, 17, 25))": [0.545336888559272, 1.7460189482277642, 0.558657471788065], "(('Foxp3', 'IL2R', 'NFAT', 'STAT5'), (2, 12, 8, 21))": [1.6358911673560987, 1.1146795417801865, 0.45785883264390126], "(('Foxp3', 'GATA3', 'NFAT', 'NFkB'), (2, 13, 8, 22))": [0.9067226979564744, 1.5566042814561578, 0.4699472459599543], "(('Foxp3', 'GATA3', 'NFkB', 'Tbet'), (2, 13, 22, 10))": [1.3713576763542783, 1.1194424424476703, 0.35942229070793186], "(('Foxp3', 'IL6', 'IL6R', 'RORgt'), (2, 27, 14, 5))": [1.3499505367488416, 0.9116648035759467, 0.2906744632511584], "(('Jak1', 'SOCS1', 'STAT1', 'Tbet'), (28, 6, 0, 10))": [1.6778053729820386, 1.1554444092558374, 0.448040427309053], "(('IL6', 'IL6R', 'RORgt', 'STAT3'), (27, 14, 5, 11))": [1.4737840929905872, 0.7088598810859554, 0.3279546277040868], "(('Foxp3', 'GATA3', 'NFAT', 'Tbet'), (2, 13, 8, 10))": [1.3721907171710113, 1.1172689709120154, 0.3607627214267979], "(('Foxp3', 'GATA3', 'NFAT', 'TGFbR'), (2, 13, 8, 16))": [1.0079131893700548, 1.2969537137258478, 0.7006714936420548], "(('Isl1', 'Tbx1', 'Tbx5', 'canWnt'), (2, 6, 10, 4))": [0.7388106812910664, 2.282686537771033, 0.12295252445853488], "(('Isl1', 'Mesp1', 'Tbx1', 'Tbx5'), (2, 9, 6, 10))": [0.51354738283672, 2.109332510907203, 0.2511937582691033], "(('Bmp2', 'Dkk1', 'canWnt', 'exogen_BMP2_II'), (0, 11, 4, 7))": [1.0, 2.5943609377704338, 0.15563906222956625], "(('Fgf8', 'Mesp1', 'Tbx1', 'Tbx5'), (12, 9, 6, 10))": [1.1624255969622728, 1.97129752315985, 0.15919090665664193], "(('Bmp2', 'Mesp1', 'canWnt', 'exogen_BMP2_II'), (0, 9, 4, 7))": [1.5, 2.0, 0.0], "(('Fgf8', 'Mesp1', 'Nkx2_5', 'Tbx1'), (12, 9, 5, 6))": [1.0149873576688302, 2.076151286284631, 0.11545199761399738], "(('Foxc1_2', 'Isl1', 'canWnt', 'exogen_canWnt_II'), (8, 2, 4, 3))": [1.5, 1.407673332399697, 0.0], "(('Dkk1', 'Isl1', 'Mesp1', 'canWnt'), (11, 2, 9, 4))": [1.0989882355820613, 1.5907175322542364, 0.21351176441793873], "(('Isl1', 'Mesp1', 'Tbx5', 'canWnt'), (2, 9, 10, 4))": [0.6482454578544085, 1.850722829174257, 0.35374447304584], "(('CLN3', 'HCM1', 'MBF', 'YOX1'), (8, 1, 0, 3))": [1.3767859694763485, 0.5235681910761467, 0.24821403052365154], "(('CLN3', 'HCM1', 'MBF', 'YHP1'), (8, 1, 0, 6))": [1.5655078450172155, 0.712290066617014, 0.5594921549827845], "(('ACE2', 'CLN3', 'SBF', 'SFF'), (5, 8, 7, 4))": [1.4186200042444117, 1.020998359526468, 0.3313799957555883], "(('CLN3', 'SBF', 'SFF', 'SWI5'), (8, 7, 4, 2))": [1.4186200042444117, 1.020998359526468, 0.3313799957555883], "(('CLN3', 'MBF', 'YHP1', 'YOX1'), (8, 0, 6, 3))": [1.6344705355022304, 0.6344705355022306, 0.5683489956125527]}