{"(('APC', 'Cas3', 'Cas7', 'Cas8'), (14, 7, 26, 37))": [0.3078306145534028, 2.089986750926187, 0.09780844767616415], "(('APC', 'Cas3', 'Cas7', 'Cas9'), (14, 7, 26, 24))": [0.2150814293215889, 1.5963792365863247, 0.2849185706784111], "(('APC', 'Cas3', 'Cas9', 'DNADamageEvent'), (14, 7, 24, 19))": [1.104937381626082, 1.5640547200056016, 0.1450626183739181], "(('APC', 'Cas12', 'Cas7', 'Cas9'), (14, 22, 26, 24))": [1.1842346205164502, 1.3533222321800562, 0.31576537948354977]}