{"(('AID', 'Bcl6', 'Pax5', 'STAT6'), (9, 6, 12, 14))": [0.28536730733248117, 2.098943590714825, 0.3009084622056636], "(('Bcl6', 'Blimp1', 'Irf4', 'Pax5'), (6, 1, 8, 12))": [0.9134511921806013, 0.8503577983434587, 0.46695409239674424], "(('AKT', 'CyclinD1', 'ERK1_2', 'TSC2'), (3, 16, 19, 17))": [0.5964105503840371, 2.214239027116469, 0.29956555980647603], "(('AKT', 'ERBB1', 'ERBB2', 'cRAF'), (3, 7, 11, 8))": [0.19040014698492913, 2.4117364260359753, 0.37400657758216915], "(('AKT', 'CyclinB1', 'ERBB1', 'ERBB3'), (3, 6, 7, 13))": [0.20621889609464455, 2.344057762681355, 0.32936968881979073], "(('GSK3a_b', 'PTEN', 'TSC2', 'p53'), (14, 20, 17, 5))": [1.2113273355340992, 0.3573728691075909, 0.1797691786614477], "(('GSK3a_b', 'PTEN', 'cJUN', 'p53'), (14, 20, 15, 5))": [1.804320188373079, 0.22123439611871235, 0.11308812053554296], "(('AKT', 'GSK3a_b', 'PTEN', 'p53'), (3, 14, 20, 5))": [1.6456224127490255, 0.256373516963794, 0.21384011049035911], "(('ERBB3', 'GSK3a_b', 'PTEN', 'p53'), (13, 14, 20, 5))": [1.1675432675823416, 0.5001716697249903, 0.2108542507326967], "(('ERBB2', 'ERBB3', 'PDK1', 'PLCg'), (3, 7, 8, 1))": [0.23171851894754958, 1.0062425618136686, 0.17708439197742532], "(('ERBB2', 'ERBB3', 'MEK1_2', 'PLCg'), (3, 7, 6, 1))": [0.3398067216047735, 1.0045470318464091, 0.18725952098357307], "(('CIA', 'CIR', 'CI_protein', 'PTC_protein'), (13, 3, 12, 4))": [1.1800365325772657, 1.882856063692049, 0.1949634674227343], "(('CIR', 'EN_protein', 'hh', 'ptc'), (3, 1, 10, 9))": [1.0487949406953985, 1.6867203216654283, 0.106844121534168], "(('CIA', 'CIR', 'ptc', 'wg'), (13, 3, 9, 8))": [0.7372983448152632, 1.6784195292250566, 0.2272195330045098], "(('CIA', 'PH', 'PTC_protein', 'ptc'), (13, 7, 4, 9))": [1.5435644431995963, 1.3713839743143796, 0.28425508791518683], "(('CIR', 'PTC_protein', 'SMO', 'ptc'), (3, 4, 11, 9))": [1.1992035054291628, 0.8548425676587293, 0.30079649457083724], "(('CIR', 'PH', 'PTC_protein', 'ptc'), (3, 7, 4, 9))": [1.5435644431995963, 0.8713839743143795, 0.28425508791518683], "(('CIA', 'PTC_protein', 'ptc', 'wg'), (13, 4, 9, 8))": [1.074701362355995, 1.4619000975298446, 0.5809376998735718], "(('CIR', 'PTC_protein', 'ptc', 'wg'), (3, 4, 9, 8))": [1.3029191407561966, 0.8233885792578717, 0.5166296870307618], "(('CIR', 'PTC_protein', 'hh', 'ptc'), (3, 4, 10, 9))": [1.3766144718101818, 0.8766144718101817, 0.4512050593046013], "(('CIA', 'PTC_protein', 'SMO', 'ptc'), (13, 4, 11, 9))": [1.1992035054291628, 1.3548425676587292, 0.30079649457083724], "(('CIA', 'CIR', 'PTC_protein', 'ptc'), (13, 3, 4, 9))": [1.1764205068916453, 1.3179619135472955, 0.30703808645270425]}