{"(('CYCB1;1', 'E2Fb', 'E2Fc', 'E2Fe'), (10, 5, 3, 1))": [0.06498043336355559, 3.3029798588934742, 0.2072704942778581], "(('CDKB1;1', 'E2Fc', 'E2Fe', 'MYB77'), (7, 3, 1, 0))": [1.003343537909092, 2.171885290777924, 0.12341866903764798], "(('CDKB1;1', 'CYCB1;1', 'E2Fb', 'E2Fc'), (7, 10, 5, 3))": [0.03447679199465216, 2.931767878463424, 0.09228541495208732], "(('CDKB1;1', 'E2Fb', 'MYB3R1/4', 'SCF'), (7, 5, 4, 6))": [0.4732771202437043, 2.3144083442141, 0.2890936315657535], "(('APC/C', 'CYCB1;1', 'E2Fb', 'SCF'), (13, 10, 5, 6))": [0.7630572830579936, 2.185715579225461, 0.1918299238887462], "(('CYCB1;1', 'E2Fc', 'E2Fe', 'MYB77'), (10, 3, 1, 0))": [0.84417162085037, 2.7241716531567093, 0.18972168956974], "(('CDKB1;1', 'E2Fb', 'E2Fc', 'E2Fe'), (7, 5, 3, 1))": [0.14688252662974427, 2.7643893784573703, 0.1830046803169954], "(('CYCB1;1', 'E2Fb', 'E2Fe', 'KRP1'), (10, 5, 1, 2))": [0.035453265351329186, 3.2976507114349087, 0.1636891174273668], "(('CYCB1;1', 'CYCD3;1', 'E2Fb', 'E2Fe'), (10, 9, 5, 1))": [0.020706705171548212, 3.5398480734947766, 0.17843567760714757], "(('CDKB1;1', 'CYCB1;1', 'CYCD3;1', 'E2Fb'), (7, 10, 9, 5))": [0.008569677844603654, 3.254950095004869, 0.07928276354474424], "(('CDKB1;1', 'CYCB1;1', 'E2Fc', 'MYB77'), (7, 10, 3, 0))": [0.3704673498753136, 2.8289571689936963, 0.10004485707142641], "(('CYCB1;1', 'CYCD3;1', 'E2Fe', 'KRP1'), (10, 9, 1, 2))": [0.027518997006258365, 3.4646602299512788, 0.13535693063515541], "(('CDKB1;1', 'CYCD3;1', 'E2Fb', 'E2Fe'), (7, 9, 5, 1))": [0.051211894760919724, 3.1866091532147744, 0.17136798801777606], "(('CDKB1;1', 'E2Fb', 'RBR', 'SCF'), (7, 5, 8, 6))": [0.3846946836222303, 2.4383452772542142, 0.3470957215878245], "(('CDKB1;1', 'E2Fb', 'E2Fe', 'RBR'), (7, 5, 1, 8))": [0.3648718911355334, 2.500506007178344, 0.31083299164316236], "(('APC/C', 'CDKB1;1', 'MYB3R1/4', 'MYB77'), (13, 7, 4, 0))": [1.1323477830021957, 1.9014423476077649, 0.15640924811258827], "(('CYCB1;1', 'CYCD3;1', 'E2Fe', 'RBR'), (10, 9, 1, 8))": [0.131272785596079, 3.2873926779546694, 0.48221991447669377], "(('E2Fb', 'E2Fe', 'RBR', 'SCF'), (5, 1, 8, 6))": [0.3771244559354619, 2.777157566182521, 0.41126839066394066], "(('APC/C', 'E2Fc', 'MYB3R1/4', 'RBR'), (13, 3, 4, 8))": [0.5168784536889216, 2.2806945220975754, 0.3571464240252651], "(('CDKB1;1', 'CYCB1;1', 'E2Fb', 'MYB77'), (7, 10, 5, 0))": [0.7405639854631378, 2.13954181686901, 0.30631101453686216], "(('CYCB1;1', 'E2Fe', 'KRP1', 'RBR'), (10, 1, 2, 8))": [0.18262755703532113, 2.9867294344956163, 0.4308651430374519], "(('APC/C', 'CYCA2;3', 'MYB3R1/4', 'SCF'), (13, 12, 4, 6))": [1.141240753583887, 1.8730577501533239, 0.2120839533628529], "(('CYCB1;1', 'E2Fb', 'E2Fe', 'RBR'), (10, 5, 1, 8))": [0.3352314678493335, 2.976868328785365, 0.3140871356240363], "(('CDKB1;1', 'CYCB1;1', 'CYCD3;1', 'MYB77'), (7, 10, 9, 0))": [0.2702875609612967, 2.865843331600085, 0.2765874390387033], "(('CDKB1;1', 'CYCA2;3', 'MYB3R1/4', 'MYB77'), (7, 12, 4, 0))": [1.1527134554253333, 1.7781500929906926, 0.14776232568945025], "(('CYCB1;1', 'E2Fc', 'E2Fe', 'KRP1'), (10, 3, 1, 2))": [0.10940023091454379, 3.1347198851175566, 0.29809505707420725], "(('APC/C', 'CDKB1;1', 'MYB3R1/4', 'RBR'), (13, 7, 4, 8))": [0.5751252902989553, 2.230298576948577, 0.3598958399474862], "(('CDKB1;1', 'CYCD3;1', 'E2Fe', 'MYB77'), (7, 9, 1, 0))": [0.8515166306580964, 2.3274136075123826, 0.27141569350994765], "(('CDKB1;1', 'CYCB1;1', 'E2Fb', 'RBR'), (7, 10, 5, 8))": [0.3239049578495309, 2.5381669616721663, 0.2688112042344909], "(('CDKB1;1', 'CYCB1;1', 'E2Fc', 'RBR'), (7, 10, 3, 8))": [0.08159771681635405, 2.4374663836637818, 0.2298684452676679], "(('CDKB1;1', 'E2Fe', 'MYB77', 'RBR'), (7, 1, 0, 8))": [1.105249824860651, 1.909300083880853, 0.32045505791804496], "(('CYCB1;1', 'E2Fe', 'MYB77', 'RBR'), (10, 1, 0, 8))": [0.9583190468591825, 2.388565348653663, 0.42537455661418755], "(('CDKB1;1', 'CYCB1;1', 'CYCD3;1', 'E2Fc'), (7, 10, 9, 3))": [0.0523408864337799, 3.1595848774269935, 0.191761554955568], "(('APC/C', 'E2Fa', 'E2Fb', 'RBR'), (13, 11, 5, 8))": [0.8812415918818672, 2.5575489701098517, 0.18830723590509257], "(('CDKB1;1', 'CYCB1;1', 'CYCD3;1', 'RBR'), (7, 10, 9, 8))": [0.1486079862120528, 2.9374488759630797, 0.366864279345339], "(('CDKB1;1', 'MYB3R1/4', 'RBR', 'SCF'), (7, 4, 8, 6))": [0.6097390349890437, 2.1217353411298223, 0.4032250029997073], "(('CYCB1;1', 'E2Fc', 'E2Fe', 'RBR'), (10, 3, 1, 8))": [0.07880844034791125, 2.745290997994335, 0.38536565625149155], "(('APC/C', 'CYCA2;3', 'CYCB1;1', 'MYB77'), (13, 12, 10, 0))": [0.7981685069667253, 1.8135598989410004, 0.28598913449539576], "(('CYCB1;1', 'CYCD3;1', 'E2Fc', 'E2Fe'), (10, 9, 3, 1))": [0.09120928526684166, 3.4583583338544095, 0.3162860027219091], "(('CDKB1;1', 'E2Fb', 'E2Fe', 'MYB77'), (7, 5, 1, 0))": [1.3040140307747743, 1.6729495017948868, 0.2428609692252257], "(('CDKB1;1', 'CYCD3;1', 'E2Fe', 'RBR'), (7, 9, 1, 8))": [0.204525185706469, 2.8770788710496684, 0.4260669040189667], "(('CDKB1;1', 'CYCB1;1', 'MYB77', 'RBR'), (7, 10, 0, 8))": [0.5335370995496959, 2.4313380034104193, 0.35708790045030414], "(('CYCB1;1', 'CYCD3;1', 'E2Fe', 'MYB77'), (10, 9, 1, 0))": [0.7540110092088288, 2.7353117852722066, 0.321012477043237], "(('CYCB1;1', 'E2Fb', 'RBR', 'SCF'), (10, 5, 8, 6))": [0.3968231969556397, 2.3268677841204712, 0.28860912721240417], "(('E2Fb', 'MYB77', 'RBR', 'SCF'), (5, 0, 8, 6))": [1.0173807741101273, 2.1042131489348805, 0.2243485225620474], "(('CYCD3;1', 'E2Fc', 'MYB77', 'RBR'), (9, 3, 0, 8))": [0.389672815838561, 2.2566039214870086, 0.46763450832948267], "(('CDKB1;1', 'E2Fc', 'E2Fe', 'RBR'), (7, 3, 1, 8))": [0.18095939899364255, 2.2791051065968713, 0.32861530795309724], "(('CDKB1;1', 'CYCD3;1', 'E2Fc', 'E2Fe'), (7, 9, 3, 1))": [0.1725002094210601, 2.989761131882577, 0.2789212992623646], "(('CYCB1;1', 'E2Fb', 'E2Fe', 'MYB77'), (10, 5, 1, 0))": [1.2079842390145639, 2.0734771713277893, 0.29982826098543613], "(('APC/C', 'CDKB1;1', 'MYB77', 'RBR'), (13, 7, 0, 8))": [0.5466182762850055, 2.462363708532812, 0.3815948340623315], "(('APC/C', 'CYCB1;1', 'RBR', 'SCF'), (13, 10, 8, 6))": [0.7780079806134785, 2.1777441325327165, 0.29127068147054347], "(('CDKB1;1', 'E2Fa', 'E2Fb', 'E2Fe'), (7, 11, 5, 1))": [0.6137052601083998, 2.189166991728667, 0.5502045054489922], "(('APC/C', 'CYCA2;3', 'CYCB1;1', 'E2Fa'), (13, 12, 10, 11))": [0.9322658253761384, 1.4887744692728215, 0.6016274850439716], "(('CDKB1;1', 'E2Fa', 'RBR', 'SCF'), (7, 11, 8, 6))": [0.43494268032974376, 2.429979655549224, 0.6103761166157013], "(('APC/C', 'CDKB1;1', 'E2Fa', 'E2Fb'), (13, 7, 11, 5))": [0.5759129975930384, 2.2238563303953156, 0.5411217679643536], "(('CDKB1;1', 'CYCB1;1', 'E2Fa', 'RBR'), (7, 10, 11, 8))": [0.41696821134330647, 2.4304075977900728, 0.5862670075456926], "(('APC/C', 'CYCA2;3', 'E2Fa', 'KRP1'), (13, 12, 11, 2))": [1.0828277199896423, 2.0434244479221446, 0.4765707662624237], "(('CDKB1;1', 'CYCB1;1', 'E2Fa', 'E2Fb'), (7, 10, 11, 5))": [0.5745729896334364, 2.177813903843787, 0.5424617759239556], "(('CDKB1;1', 'E2Fa', 'E2Fe', 'RBR'), (7, 11, 1, 8))": [0.4499737548937138, 2.4057980921271946, 0.621659022605938], "(('CDKB1;1', 'E2Fa', 'E2Fb', 'SCF'), (7, 11, 5, 6))": [0.6145459775651901, 2.119137618810195, 0.6196762879922019], "(('APC/C', 'CYCA2;3', 'E2Fa', 'SCF'), (13, 12, 11, 6))": [0.9784155350746018, 1.826271024740008, 0.5945402753455082], "(('APC/C', 'CYCA2;3', 'E2Fa', 'E2Fb'), (13, 12, 11, 5))": [1.1652654230720567, 1.8739770019558764, 0.6236443424853351], "(('APC/C', 'CYCA2;3', 'KRP1', 'RBR'), (13, 12, 2, 8))": [0.9469788946253277, 2.1481037009481403, 0.4884534295427163], "(('APC/C', 'CYCA2;3', 'E2Fe', 'KRP1'), (13, 12, 1, 2))": [1.584039899960379, 1.6803708158004103, 0.2597101000396209], "(('CYCA2;3', 'E2Fa', 'MYB77', 'RBR'), (12, 11, 0, 8))": [0.6211703730229929, 2.2895238381197216, 0.9037320019788988], "(('APC/C', 'E2Fc', 'E2Fe', 'SCF'), (13, 3, 1, 6))": [1.3532300591435682, 1.9303734951867881, 0.4280199408564318],