{"Death Receptor Signaling_20221256-bifan1": 0.0, "Death Receptor Signaling_20221256-fourone1": 0.6210355062143651, "Death Receptor Signaling_20221256-fourone2": 0.5968046888521679, "Death Receptor Signaling_20221256-fourone3": 0.3774437510817341, "Death Receptor Signaling_20221256-fourone4": 0.5786488103863356, "Death Receptor Signaling_20221256-fourone5": 0.3774437510817341, "Death Receptor Signaling_20221256-fourone6": 0.3774437510817341, "Death Receptor Signaling_20221256-fourone7": 0.3774437510817341, "Death Receptor Signaling_20221256-fourtwo1": 0.5165414066556502, "Death Receptor Signaling_20221256-fivetwo1": 0.442081113354009, "Differentiation of T lymphocytes_23743337-fourtwo1": 0.015261354497896118, "Differentiation of T lymphocytes_23743337-fourtwo2": 0.4208182177325033, "Differentiation of T lymphocytes_23743337-twelve1": 0.23183752979442684}