{"FA BRCA pathway_22267503-bifan1": 0.17717459903155558, "FA BRCA pathway_22267503-bifan2": 0.16022116325445868, "FA BRCA pathway_22267503-bifan3": 0.17717459903155558, "FA BRCA pathway_22267503-bifan4": 0.15368148288302802, "FA BRCA pathway_22267503-bifan5": 0.21553600130055162, "FA BRCA pathway_22267503-bifan6": 0.06782290276173533, "FA BRCA pathway_22267503-bifan7": 0.23029156519928856, "FA BRCA pathway_22267503-bifan8": 0.06782290276173533, "FA BRCA pathway_22267503-bifan9": 0.23089546402117278, "FA BRCA pathway_22267503-bifan10": 0.06782290276173533, "FA BRCA pathway_22267503-bifan11": 0.08975994586997685, "FA BRCA pathway_22267503-bifan12": 0.08668202434558496, "FA BRCA pathway_22267503-bifan13": 0.16022116325445868, "FA BRCA pathway_22267503-bifan14": 0.17570360932489812, "FA BRCA pathway_22267503-bifan15": 0.12989637413656308, "FA BRCA pathway_22267503-bifan16": 0.14378599520632104, "FA BRCA pathway_22267503-bifan17": 0.3158449034830093, "FA BRCA pathway_22267503-bifan18": 0.14898081731486112, "FA BRCA pathway_22267503-bifan19": 0.22011794342942637, "FA BRCA pathway_22267503-bifan20": 0.22981266718353233, "FA BRCA pathway_22267503-bifan21": 0.14370980939531625, "FA BRCA pathway_22267503-bifan22": 0.08668202434558496, "FA BRCA pathway_22267503-twoFFL1": 0.199388590104833, "FA BRCA pathway_22267503-twoFFL2": 0.16361509017995157, "FA BRCA pathway_22267503-twoFFL3": 0.1569189547827642, "FA BRCA pathway_22267503-twoFFL4": 0.1569189547827642, "FA BRCA pathway_22267503-twoFFL5": 0.1827808623747038, "FA BRCA pathway_22267503-twoFFL6": 0.14438017353408739, "FA BRCA pathway_22267503-twoFFL7": 0.199388590104833, "FA BRCA pathway_22267503-twoFFL8": 0.14957875442105384, "FA BRCA pathway_22267503-twoFFL9": 0.30163722834504825, "FA BRCA pathway_22267503-twoFFL10": 0.11867172836001427, "FA BRCA pathway_22267503-twoFFL11": 0.23816088086643195, "FA BRCA pathway_22267503-twoFFL12": 0.2388231559198708, "FA BRCA pathway_22267503-twoFFL13": 0.11323510806734971, "FA BRCA pathway_22267503-twoFFL14": 0.11867172836001427, "FA BRCA pathway_22267503-twoFFL15": 0.20499174603328507, "FA BRCA pathway_22267503-twoFFL16": 0.21856762172918764, "FA BRCA pathway_22267503-twoFFL17": 0.22404774168836417, "FA BRCA pathway_22267503-twoFFL18": 0.18401675588033695, "FA BRCA pathway_22267503-twoFFL19": 0.3016372283450482, "FA BRCA pathway_22267503-twoFFL20": 0.1704512926025954, "FA BRCA pathway_22267503-twoFFL21": 0.12441333846142011, "FA BRCA pathway_22267503-twoFFL22": 0.16361509017995157, "FA BRCA pathway_22267503-twoFFL23": 0.11323510806734971, "FA BRCA pathway_22267503-twoFFL24": 0.18331347294573375, "FA BRCA pathway_22267503-twoFFL25": 0.15759312861025698, "FA BRCA pathway_22267503-twoFFL26": 0.351908178322872, "FA BRCA pathway_22267503-twoFFL27": 0.20287164546937841, "FA BRCA pathway_22267503-twoFFL28": 0.24513252114141443, "FA BRCA pathway_22267503-twoFFL29": 0.24081968451054436, "FA BRCA pathway_22267503-twoFFL30": 0.20996878316142809, "FA BRCA pathway_22267503-twoFFL31": 0.16709363633154134, "FA BRCA pathway_22267503-twoFFL32": 0.20695261679663235, "FA BRCA pathway_22267503-twoFFL33": 0.11323510806734971, "FA BRCA pathway_22267503-twoFFL34": 0.1569189547827642, "FA BRCA pathway_22267503-twoFFL35": 0.14438017353408739, "FA BRCA pathway_22267503-twoFFL36": 0.18285707046941935, "FA BRCA pathway_22267503-twoFFL37": 0.19841768223669898, "FA BRCA pathway_22267503-twoFFL38": 0.19881506387351777, "FA BRCA pathway_22267503-twoFFL39": 0.21806285595565278, "FA BRCA pathway_22267503-twoFFL40": 0.1384322542525449, "FA BRCA pathway_22267503-twoFFL41": 0.15361997151083928, "FA BRCA pathway_22267503-twoFFL42": 0.3159960168482242, "FA BRCA pathway_22267503-twoFFL43": 0.23179039759135378, "FA BRCA pathway_22267503-twoFFL44": 0.2099687831614443, "FA BRCA pathway_22267503-twoFFL45": 0.18331347294573375, "FA BRCA pathway_22267503-twoFFL46": 0.23623741626874106, "FA BRCA pathway_22267503-twoFFL47": 0.22404774168836417, "FA BRCA pathway_22267503-twoFFL48": 0.20137052675038924, "FA BRCA pathway_22267503-twoFFL49": 0.20287164546937853, "FA BRCA pathway_22267503-twoFFL50": 0.1984176822367001, "FA BRCA pathway_22267503-twoFFL51": 0.15361997151083928, "FA BRCA pathway_22267503-twoFFL52": 0.1188370806796315, "FA BRCA pathway_22267503-fourone1": 0.3688297170489854, "FA BRCA pathway_22267503-fourone2": 0.22924074778513445, "FA BRCA pathway_22267503-fourone3": 0.28067067496386244, "FA BRCA pathway_22267503-fourone4": 0.25351531732658333, "FA BRCA pathway_22267503-fourone5": 0.2596299984984076, "FA BRCA pathway_22267503-fourone6": 0.2880405870585711, "FA BRCA pathway_22267503-fourone7": 0.29319649191101704, "FA BRCA pathway_22267503-fourone8": 0.28866817544653656, "FA BRCA pathway_22267503-fourone9": 0.2995299627773481, "FA BRCA pathway_22267503-fourone10": 0.13015929071786436, "FA BRCA pathway_22267503-fourone11": 0.2870506091092201, "FA BRCA pathway_22267503-fourone12": 0.2603568686372265, "FA BRCA pathway_22267503-fourone13": 0.35915349206373925, "FA BRCA pathway_22267503-fourone14": 0.3993047220390557, "FA BRCA pathway_22267503-fourone15": 0.2549719882892722, "FA BRCA pathway_22267503-fourone16": 0.37441055397860346, "FA BRCA pathway_22267503-fourone17": 0.2596299984984076, "FA BRCA pathway_22267503-fourone18": 0.25753587456953747, "FA BRCA pathway_22267503-fourone19": 0.5164193182774226, "FA BRCA pathway_22267503-fourone20": 0.2744290415207891, "FA BRCA pathway_22267503-fourone21": 0.22924074778513445, "FA BRCA pathway_22267503-fourone22": 0.24973662740832403, "FA BRCA pathway_22267503-fourone23": 0.24260717339703725, "FA BRCA pathway_22267503-fourone24": 0.2983404659646719, "FA BRCA pathway_22267503-fourone25": 0.40308551266463355, "FA BRCA pathway_22267503-fourone26": 0.2603568686372261, "FA BRCA pathway_22267503-fourone27": 0.4087563040685754, "FA BRCA pathway_22267503-fourone28": 0.32944323541185855, "FA BRCA pathway_22267503-fourone29": 0.21030065433259382, "FA BRCA pathway_22267503-fourone30": 0.40111790334021763, "FA BRCA pathway_22267503-fourone31": 0.45685011901790873, "FA BRCA pathway_22267503-fourtwo1": 0.5520212621389547, "FA BRCA pathway_22267503-fourtwo2": 0.47545865584364144, "FA BRCA pathway_22267503-fourtwo3": 0.35510492286067397, "FA BRCA pathway_22267503-fourtwo4": 0.4236609050295782, "FA BRCA pathway_22267503-fourtwo5": 0.6191111968120898, "FA BRCA pathway_22267503-fourtwo6": 0.4000144460595858, "FA BRCA pathway_22267503-fourtwo7": 0.3598785440709596, "FA BRCA pathway_22267503-fourtwo8": 0.6354485908925569, "FA BRCA pathway_22267503-fourtwo9": 0.2592146350485445, "FA BRCA pathway_22267503-fourtwo10": 0.12641395003922384, "FA BRCA pathway_22267503-fourtwo11": 0.27559980147378127, "FA BRCA pathway_22267503-fourtwo12": 0.5556253718486479, "FA BRCA pathway_22267503-fourtwo13": 0.5813463504477727, "FA BRCA pathway_22267503-fiveone1": 0.30116673367567637, "FA BRCA pathway_22267503-fiveone2": 0.45564008872598527, "FA BRCA pathway_22267503-fiveone3": 0.3546062027792476, "FA BRCA pathway_22267503-fiveone4": 0.2876528466694042, "FA BRCA pathway_22267503-fiveone5": 0.2180197024813767, "FA BRCA pathway_22267503-fiveone6": 0.32700338356001724, "FA BRCA pathway_22267503-fiveone7": 0.35744520079819325, "FA BRCA pathway_22267503-fiveone8": 0.27756877132702806, "FA BRCA pathway_22267503-fiveone9": 0.44974740738707464, "FA BRCA pathway_22267503-fiveone10": 0.35682712017813556, "FA BRCA pathway_22267503-fiveone11": 0.35484314589412835, "FA BRCA pathway_22267503-fiveone12": 0.32169324668936394, "FA BRCA pathway_22267503-fiveone13": 0.5177461755044634, "FA BRCA pathway_22267503-fiveone14": 0.32700338356001724, "FA BRCA pathway_22267503-fiveone15": 0.2818463103688822, "FA BRCA pathway_22267503-fiveone16": 0.40030870623061166, "FA BRCA pathway_22267503-fiveone17": 0.30895329254683745, "FA BRCA pathway_22267503-fiveone18": 0.41410452929169983, "FA BRCA pathway_22267503-fiveone19": 0.5335814574879432, "FA BRCA pathway_22267503-fiveone20": 0.37258163945931666,