{"B cell differentiation_26751566-bifan1": 0.3009084622056636, "B cell differentiation_26751566-ten1": 0.46695409239674424, "BT474 Breast Cell Line Long-term ErbB Network_24970389-bifan1": 0.29956555980647603, "BT474 Breast Cell Line Long-term ErbB Network_24970389-bifan2": 0.37400657758216915, "BT474 Breast Cell Line Long-term ErbB Network_24970389-bifan3": 0.32936968881979073, "BT474 Breast Cell Line Long-term ErbB Network_24970389-fourone1": 0.1797691786614477, "BT474 Breast Cell Line Long-term ErbB Network_24970389-fourone2": 0.11308812053554296, "BT474 Breast Cell Line Long-term ErbB Network_24970389-fourone3": 0.21384011049035911, "BT474 Breast Cell Line Long-term ErbB Network_24970389-fourone4": 0.2108542507326967, "BT474 Breast Cell Line Short-term ErbB Network_24970389-twoFFL1": 0.17708439197742532, "BT474 Breast Cell Line Short-term ErbB Network_24970389-twoFFL2": 0.18725952098357307, "Body Segmentation in Drosophila 2013_23520449-bifan1": 0.1949634674227343, "Body Segmentation in Drosophila 2013_23520449-bifan2": 0.106844121534168, "Body Segmentation in Drosophila 2013_23520449-bifan3": 0.2272195330045098, "Body Segmentation in Drosophila 2013_23520449-fourone1": 0.28425508791518683, "Body Segmentation in Drosophila 2013_23520449-fourone2": 0.30079649457083724, "Body Segmentation in Drosophila 2013_23520449-fourone3": 0.28425508791518683, "Body Segmentation in Drosophila 2013_23520449-fourone4": 0.5809376998735718, "Body Segmentation in Drosophila 2013_23520449-fourone5": 0.5166296870307618, "Body Segmentation in Drosophila 2013_23520449-fourone6": 0.4512050593046013, "Body Segmentation in Drosophila 2013_23520449-fourone7": 0.30079649457083724, "Body Segmentation in Drosophila 2013_23520449-fivethree1": 0.30703808645270425}