{"Stomatal Opening Model_27542373-bifan1": 0.20202161322598444, "Stomatal Opening Model_27542373-bifan2": 0.4286291195798131, "Stomatal Opening Model_27542373-bifan3": 0.3324753112603219, "Stomatal Opening Model_27542373-bifan4": 0.3433076722257681, "Stomatal Opening Model_27542373-bifan5": 0.6136033420070683, "Stomatal Opening Model_27542373-bifan6": 0.1878507024749535, "Stomatal Opening Model_27542373-bifan7": 0.6517058716593691, "Stomatal Opening Model_27542373-bifan8": 0.051524505872969355, "Stomatal Opening Model_27542373-bifan9": 0.3093729126772656, "Stomatal Opening Model_27542373-bifan10": 0.04914883896801556, "Stomatal Opening Model_27542373-bifan11": 0.2707536397056085, "Stomatal Opening Model_27542373-bifan12": 0.16749792574404737, "Stomatal Opening Model_27542373-bifan13": 0.38639149926875926, "Stomatal Opening Model_27542373-bifan14": 0.14189578627564325, "Stomatal Opening Model_27542373-bifan15": 0.49869237562605084, "Stomatal Opening Model_27542373-bifan16": 0.2485197797491407, "Stomatal Opening Model_27542373-bifan17": 0.13327802207714332, "Stomatal Opening Model_27542373-bifan18": 0.376757778774451, "Stomatal Opening Model_27542373-bifan19": 0.035716216491393074, "Stomatal Opening Model_27542373-bifan20": 0.17715446226554277, "Stomatal Opening Model_27542373-bifan21": 0.14120816611652937, "Stomatal Opening Model_27542373-bifan22": 0.035716216491393095, "Stomatal Opening Model_27542373-bifan23": 0.05152450587296934, "Stomatal Opening Model_27542373-bifan24": 0.20291919775626077, "Stomatal Opening Model_27542373-bifan25": 0.17965770408917414, "Stomatal Opening Model_27542373-bifan26": 0.45289222861474, "Stomatal Opening Model_27542373-bifan27": 0.6701461987150877, "Stomatal Opening Model_27542373-bifan28": 0.4027225713237897, "Stomatal Opening Model_27542373-bifan29": 0.6612893580852977, "Stomatal Opening Model_27542373-bifan30": 0.7846762531182665, "Stomatal Opening Model_27542373-bifan31": 0.6925253689420183, "Stomatal Opening Model_27542373-bifan32": 0.14353172068523218, "Stomatal Opening Model_27542373-bifan33": 0.6631939310864176, "Stomatal Opening Model_27542373-bifan34": 0.7951146036645675, "Stomatal Opening Model_27542373-bifan35": 0.1310301991158915, "Stomatal Opening Model_27542373-bifan36": 0.3223118116714181, "Stomatal Opening Model_27542373-bifan37": 0.4310499524213608, "Stomatal Opening Model_27542373-bifan38": 0.20981149262992682, "Stomatal Opening Model_27542373-bifan39": 0.12946086435968787, "Stomatal Opening Model_27542373-bifan40": 0.717423227758594, "Stomatal Opening Model_27542373-bifan41": 0.17218046888521676, "Stomatal Opening Model_27542373-bifan42": 0.2159868274540728, "Stomatal Opening Model_27542373-bifan43": 0.15165853185992884, "Stomatal Opening Model_27542373-bifan44": 0.1974272922003094, "Stomatal Opening Model_27542373-bifan45": 0.148639108541882, "Stomatal Opening Model_27542373-bifan46": 0.12768238353221203, "Stomatal Opening Model_27542373-bifan47": 0.42580413578393095, "Stomatal Opening Model_27542373-bifan48": 0.5923266676002844, "Stomatal Opening Model_27542373-bifan49": 0.30342206076708383, "Stomatal Opening Model_27542373-bifan50": 0.4644321289866789, "Stomatal Opening Model_27542373-bifan51": 0.05517109927008903, "Stomatal Opening Model_27542373-bifan52": 0.38435872111968067, "Stomatal Opening Model_27542373-bifan53": 0.13327802207714856, "Stomatal Opening Model_27542373-bifan54": 0.23186620376371891, "Stomatal Opening Model_27542373-bifan55": 0.46443212898667935, "Stomatal Opening Model_27542373-bifan56": 0.03553586037086548, "Stomatal Opening Model_27542373-bifan57": 0.5567922968403816, "Stomatal Opening Model_27542373-bifan58": 0.2426946851088066, "Stomatal Opening Model_27542373-bifan59": 0.20839585207892902, "Stomatal Opening Model_27542373-bifan60": 0.42383260422614255, "Stomatal Opening Model_27542373-bifan61": 0.4627264806752661, "Stomatal Opening Model_27542373-bifan62": 0.19372589492037356, "Stomatal Opening Model_27542373-bifan63": 0.11467087642640295, "Stomatal Opening Model_27542373-bifan64": 0.04914883896801556, "Stomatal Opening Model_27542373-bifan65": 0.14857354387153227, "Stomatal Opening Model_27542373-bifan66": 0.24960965155971754, "Stomatal Opening Model_27542373-bifan67": 0.7283143385584928, "Stomatal Opening Model_27542373-bifan68": 0.03878932401441452, "Stomatal Opening Model_27542373-bifan69": 0.45666181412772533, "Stomatal Opening Model_27542373-bifan70": 0.21069872094464023, "Stomatal Opening Model_27542373-bifan71": 0.1771544622655462, "Stomatal Opening Model_27542373-bifan72": 0.03884828517829525, "Stomatal Opening Model_27542373-bifan73": 0.2083655244476752, "Stomatal Opening Model_27542373-bifan74": 0.32120470659269706, "Stomatal Opening Model_27542373-bifan75": 0.4080397725807853, "Stomatal Opening Model_27542373-bifan76": 0.2106987209446278, "Stomatal Opening Model_27542373-bifan77": 0.23989025607469205, "Stomatal Opening Model_27542373-bifan78": 0.27959177212076425, "Stomatal Opening Model_27542373-bifan79": 0.6785134622012012, "Stomatal Opening Model_27542373-bifan80": 0.032909123718414236, "Stomatal Opening Model_27542373-bifan81": 0.4644321289866794, "Stomatal Opening Model_27542373-bifan82": 0.3902717044438645, "Stomatal Opening Model_27542373-bifan83": 0.03290912371840624, "Stomatal Opening Model_27542373-bifan84": 0.5062415918818672, "Stomatal Opening Model_27542373-bifan85": 0.03893774175250145, "Stomatal Opening Model_27542373-bifan86": 0.02522768314184935, "Stomatal Opening Model_27542373-bifan87": 0.17805847344016645, "Stomatal Opening Model_27542373-bifan88": 0.2844128878680131, "Stomatal Opening Model_27542373-bifan89": 0.2779467490249871, "Stomatal Opening Model_27542373-bifan90": 0.03887878058862072, "Stomatal Opening Model_27542373-bifan91": 0.141564949341412, "Stomatal Opening Model_27542373-bifan92": 0.13509138691631592, "Stomatal Opening Model_27542373-bifan93": 0.6701461987150875, "Stomatal Opening Model_27542373-bifan94": 0.38789716622817816, "Stomatal Opening Model_27542373-bifan95": 0.039421397578667555, "Stomatal Opening Model_27542373-bifan96": 0.663193931086418, "Stomatal Opening Model_27542373-bifan97": 0.4494933756957307, "Stomatal Opening Model_27542373-bifan98": 0.23813258255596165, "Stomatal Opening Model_27542373-bifan99": 0.6906156372167616, "Stomatal Opening Model_27542373-bifan100": 0.2119200003941517, "Stomatal Opening Model_27542373-bifan101": 0.39878216687472656, "Stomatal Opening Model_27542373-bifan102": 0.36336096627614517, "Stomatal Opening Model_27542373-bifan103": 0.20291919775619865, "Stomatal Opening Model_27542373-bifan104": 0.05334561445494727, "Stomatal Opening Model_27542373-bifan105": 0.48025204857033393, "Stomatal Opening Model_27542373-bifan106": 0.2124484773380786, "Stomatal Opening Model_27542373-bifan107": 0.1887210057693706, "Stomatal Opening Model_27542373-bifan108": 0.5319842280226865, "Stomatal Opening Model_27542373-bifan109": 0.17218046888521688, "Stomatal Opening Model_27542373-bifan110": 0.12946086435968807, "Stomatal Opening Model_27542373-bifan111": 0.20459330856741154, "Stomatal Opening Model_27542373-bifan112": 0.616013462201202, "Stomatal Opening Model_27542373-bifan113": 0.20711192074596457, "Stomatal Opening Model_27542373-bifan114": 0.05517109927008903, "Stomatal Opening Model_27542373-bifan115": 0.36534518869892346, "Stomatal Opening Model_27542373-bifan116": 0.6670254027741407, "Stomatal Opening Model_27542373-bifan117": 0.23435571037312541, "Stomatal Opening Model_27542373-bifan118": 0.18271257353389095, "Stomatal Opening Model_27542373-bifan119": 0.03571621649139308, "Stomatal Opening Model_27542373-bifan120": 0.26355718438218795, "Stomatal Opening Model_27542373-bifan121": 0.23839970015453785, "Stomatal Opening Model_27542373-bifan122": 0.19805000746270573, "Stomatal Opening Model_27542373-bifan123": 0.2085766150642338, "Stomatal Opening Model_27542373-bifan124": 0.4844163834622087, "Stomatal Opening Model_27542373-bifan125": 0.36970494630822603,