{"Bordetella bronchiseptica_22253585-bifan1": 0.1949634674227343, "Bordetella bronchiseptica_22253585-bifan2": 0.4761756429419701, "Bordetella bronchiseptica_22253585-bifan3": 0.38541365665046234, "Bordetella bronchiseptica_22253585-bifan4": 0.20526328219651835, "Bordetella bronchiseptica_22253585-bifan5": 0.17218046888521676, "Bordetella bronchiseptica_22253585-twoFFL1": 0.11352275189815786, "Bordetella bronchiseptica_22253585-twoFFL2": 0.18872187554086728, "Bordetella bronchiseptica_22253585-twoFFL3": 0.0, "Bordetella bronchiseptica_22253585-twoFFL4": 0.10060252965230054, "Bordetella bronchiseptica_22253585-twoFFL5": 0.0, "Bordetella bronchiseptica_22253585-twoFFL6": 0.0, "Bordetella bronchiseptica_22253585-twoFFL7": 0.0, "Bordetella bronchiseptica_22253585-twoFFL8": 0.0, "Bordetella bronchiseptica_22253585-twoFFL9": 0.0, "Bordetella bronchiseptica_22253585-twoFFL10": 0.10060252965230054, "Bordetella bronchiseptica_22253585-twoFFL11": 0.10060252965230054, "Bordetella bronchiseptica_22253585-twoFFL12": 0.09436093777043353, "Bordetella bronchiseptica_22253585-twoFFL13": 0.0, "Bordetella bronchiseptica_22253585-fourone1": 0.18299560892197642, "Bordetella bronchiseptica_22253585-fourone2": 0.31429238647313273, "Bordetella bronchiseptica_22253585-fourone3": 0.3022394687148522, "Bordetella bronchiseptica_22253585-fourone4": 0.3695048691901657, "Bordetella bronchiseptica_22253585-fourone5": 0.3572098006419382, "Bordetella bronchiseptica_22253585-fourone6": 0.3022394687148522, "Bordetella bronchiseptica_22253585-fourone7": 0.5152926139532389, "Bordetella bronchiseptica_22253585-fourone8": 0.31408755464863747, "Bordetella bronchiseptica_22253585-fourtwo1": 0.32137343770837656, "Bordetella bronchiseptica_22253585-fiveone1": 0.08405596427247752, "Bordetella bronchiseptica_22253585-fiveone2": 0.04831143252578651, "Bordetella bronchiseptica_22253585-fiveone3": 0.055781243218156584, "Bordetella bronchiseptica_22253585-fiveone4": 0.0, "Bordetella bronchiseptica_22253585-fiveone5": 0.12589268631995054, "Bordetella bronchiseptica_22253585-fiveone6": 0.0, "Bordetella bronchiseptica_22253585-fiveone7": 0.5105446102332651, "Bordetella bronchiseptica_22253585-fivethree1": 0.5455732501943689, "Bordetella bronchiseptica_22253585-sixthree1": 0.6145855258099937, "Bortezomib Responses in U266 Human Myeloma Cells_26163548-bifan1": 0.24522793264106169, "Bortezomib Responses in U266 Human Myeloma Cells_26163548-bifan2": 0.06834899561255306, "Bortezomib Responses in U266 Human Myeloma Cells_26163548-bifan3": 0.24308218050479935, "Bortezomib Responses in U266 Human Myeloma Cells_26163548-bifan4": 0.19829506109846912, "Bortezomib Responses in U266 Human Myeloma Cells_26163548-bifan5": -1.1102230246251565e-16, "Bortezomib Responses in U266 Human Myeloma Cells_26163548-bifan6": 0.20942680210442108, "Bortezomib Responses in U266 Human Myeloma Cells_26163548-bifan7": 0.26350889108982123, "Bortezomib Responses in U266 Human Myeloma Cells_26163548-bifan8": 0.11506586433398885, "Bortezomib Responses in U266 Human Myeloma Cells_26163548-bifan9": 0.0, "Bortezomib Responses in U266 Human Myeloma Cells_26163548-bifan10": 0.0683489956125525, "Bortezomib Responses in U266 Human Myeloma Cells_26163548-bifan11": 0.0, "Bortezomib Responses in U266 Human Myeloma Cells_26163548-bifan12": 0.09806529165122457, "Bortezomib Responses in U266 Human Myeloma Cells_26163548-bifan13": 0.19829506109846884, "Bortezomib Responses in U266 Human Myeloma Cells_26163548-bifan14": -1.1102230246251565e-16, "Bortezomib Responses in U266 Human Myeloma Cells_26163548-bifan15": 0.06834899561255248, "Bortezomib Responses in U266 Human Myeloma Cells_26163548-bifan16": -1.1102230246251565e-16, "Bortezomib Responses in U266 Human Myeloma Cells_26163548-bifan17": 0.10344403572752237, "Bortezomib Responses in U266 Human Myeloma Cells_26163548-bifan18": 0.22855292694131435, "Bortezomib Responses in U266 Human Myeloma Cells_26163548-bifan19": 0.20942680210442122, "Bortezomib Responses in U266 Human Myeloma Cells_26163548-bifan20": -1.1102230246251565e-16, "Bortezomib Responses in U266 Human Myeloma Cells_26163548-twoFFL1": 0.2506075438244359, "Bortezomib Responses in U266 Human Myeloma Cells_26163548-twoFFL2": 0.21056576632014257, "Bortezomib Responses in U266 Human Myeloma Cells_26163548-twoFFL3": 0.23154156270838033, "Bortezomib Responses in U266 Human Myeloma Cells_26163548-fourtwo1": 0.3362238570899101, "Bortezomib Responses in U266 Human Myeloma Cells_26163548-fourtwo2": 0.4128711136008074, "Bortezomib Responses in U266 Human Myeloma Cells_26163548-fourtwo3": 0.4194887020387903, "Budding Yeast Cell Cycle 2009_19185585-bifan1": 0.13807587649109831, "Budding Yeast Cell Cycle 2009_19185585-bifan2": 0.22110385509029795, "Budding Yeast Cell Cycle 2009_19185585-bifan3": 0.28996166721759803, "Budding Yeast Cell Cycle 2009_19185585-fourone1": 0.10060252965230099, "Budding Yeast Cell Cycle 2009_19185585-fourtwo1": 0.5388102379390484, "Budding Yeast Cell Cycle 2009_19185585-fourtwo2": 0.6178214003677709, "Budding Yeast Cell Cycle 2009_19185585-fiveone1": 0.5521918606675682, "Budding Yeast Cell Cycle 2009_19185585-fiveone2": 0.7320591894161004, "Budding Yeast Cell Cycle 2009_19185585-fiveone3": 0.5660912109423524, "Budding Yeast Cell Cycle 2009_19185585-fiveone4": 0.8366503907277887, "Budding Yeast Cell Cycle 2009_19185585-fiveone5": 0.5103784697608764, "Budding Yeast Cell Cycle 2009_19185585-fiveone6": 0.2565447663313296, "Budding Yeast Cell Cycle 2009_19185585-fiveone7": 0.5834156827919398, "Budding Yeast Cell Cycle 2009_19185585-fiveone8": 0.6571813830487412, "Budding Yeast Cell Cycle_23049686-bifan1": 0.26066485347257884, "Budding Yeast Cell Cycle_23049686-fourone1": 0.4697034536580673, "Budding Yeast Cell Cycle_23049686-fourone2": 0.6723597015320675, "Budding Yeast Cell Cycle_23049686-fourone3": 0.3365048740783847, "Budding Yeast Cell Cycle_23049686-fourone4": 0.4387218755408673, "Budding Yeast Cell Cycle_23049686-fourtwo1": 0.5786488103863356, "Budding Yeast Cell Cycle_23049686-fiveone1": 0.49967198709683436, "Budding Yeast Cell Cycle_23049686-fiveone2": 0.5123343950639967, "CD4 T cell signaling_25538703-bifan1": 0.27254354777604883, "CD4 T cell signaling_25538703-bifan2": 0.2206178358762217, "CD4 T cell signaling_25538703-bifan3": 0.08671065590861907, "CD4 T cell signaling_25538703-bifan4": 0.35760087959464965, "CD4 T cell signaling_25538703-bifan5": 0.2673158112479158, "CD4 T cell signaling_25538703-bifan6": 0.44250402263312527, "CD4 T cell signaling_25538703-bifan7": 0.2412583521218395, "CD4 T cell signaling_25538703-bifan8": 0.5819186455338332, "CD4 T cell signaling_25538703-bifan9": 0.20621320004812396, "CD4 T cell signaling_25538703-bifan10": 0.3061066163730377, "CD4 T cell signaling_25538703-bifan11": 0.43499949492652057, "CD4 T cell signaling_25538703-bifan12": 0.016306522746892815, "CD4 T cell signaling_25538703-bifan13": 0.22006717187257518, "CD4 T cell signaling_25538703-bifan14": 0.11207461902997157, "CD4 T cell signaling_25538703-bifan15": 0.3286427738408506, "CD4 T cell signaling_25538703-bifan16": 0.27902459041936, "CD4 T cell signaling_25538703-bifan17": 0.35368369439828085, "CD4 T cell signaling_25538703-bifan18": 0.2937559784011472, "CD4 T cell signaling_25538703-bifan19": 0.31001022221633967, "CD4 T cell signaling_25538703-bifan20": 0.2748121099834767, "CD4 T cell signaling_25538703-bifan21": 0.2725435477760275, "CD4 T cell signaling_25538703-bifan22": 0.1683621326301112, "CD4 T cell signaling_25538703-bifan23": 0.16224633321920456, "CD4 T cell signaling_25538703-bifan24": 0.30720299240692217, "CD4 T cell signaling_25538703-bifan25": 0.2937559784011472, "CD4 T cell signaling_25538703-bifan26": 0.21607699707640887, "CD4 T cell signaling_25538703-bifan27": 0.279024590419357, "CD4 T cell signaling_25538703-bifan28": 0.1120746190296027, "CD4 T cell signaling_25538703-bifan29": 0.2748121099836277, "CD4 T cell signaling_25538703-bifan30": 0.4993943699649984,