{"Stomatal Opening Model_27542373-bifan1": 0.11304879928124684, "Stomatal Opening Model_27542373-bifan2": 0.0896776375813689, "Stomatal Opening Model_27542373-bifan3": 0.28194668660351696, "Stomatal Opening Model_27542373-bifan4": 0.3369026290718721, "Stomatal Opening Model_27542373-bifan5": 1.2028195311147831, "Stomatal Opening Model_27542373-bifan6": 0.07063974886086065, "Stomatal Opening Model_27542373-bifan7": 0.3218309684744037, "Stomatal Opening Model_27542373-bifan8": 0.03958470589470238, "Stomatal Opening Model_27542373-bifan9": 0.500715834470974, "Stomatal Opening Model_27542373-bifan10": 0.02535679893137831, "Stomatal Opening Model_27542373-bifan11": 0.16079412834063084, "Stomatal Opening Model_27542373-bifan12": 0.250715834470974, "Stomatal Opening Model_27542373-bifan13": 0.3064184452048905, "Stomatal Opening Model_27542373-bifan14": 0.18459760751892945, "Stomatal Opening Model_27542373-bifan15": 0.3332990059548201, "Stomatal Opening Model_27542373-bifan16": 0.23788701365923376, "Stomatal Opening Model_27542373-bifan17": 0.3622271020029483, "Stomatal Opening Model_27542373-bifan18": 0.12846593725172803, "Stomatal Opening Model_27542373-bifan19": 0.43064683674418935, "Stomatal Opening Model_27542373-bifan20": 0.41329896757281587, "Stomatal Opening Model_27542373-bifan21": 0.3526666528081718, "Stomatal Opening Model_27542373-bifan22": 0.03356244559262891, "Stomatal Opening Model_27542373-bifan23": 0.15229716768548507, "Stomatal Opening Model_27542373-bifan24": 0.017754156211052648, "Stomatal Opening Model_27542373-bifan25": 0.04170201697805924, "Stomatal Opening Model_27542373-bifan26": 0.40852415062763336, "Stomatal Opening Model_27542373-bifan27": 0.0558244211443037, "Stomatal Opening Model_27542373-bifan28": 0.04021677945895546, "Stomatal Opening Model_27542373-bifan29": 0.13720389389802246, "Stomatal Opening Model_27542373-bifan30": 0.34444668660351696, "Stomatal Opening Model_27542373-bifan31": 0.21645057743843343, "Stomatal Opening Model_27542373-bifan32": 0.3852941621727497, "Stomatal Opening Model_27542373-bifan33": 0.2539280318460244, "Stomatal Opening Model_27542373-bifan34": 0.0558244211443037, "Stomatal Opening Model_27542373-bifan35": 0.04012732288474925, "Stomatal Opening Model_27542373-bifan36": 0.017754156211052648, "Stomatal Opening Model_27542373-bifan37": 0.2457076103687989, "Stomatal Opening Model_27542373-bifan38": 0.029597905564265368, "Stomatal Opening Model_27542373-bifan39": 0.26495184254607096, "Stomatal Opening Model_27542373-bifan40": 0.14337838202590833, "Stomatal Opening Model_27542373-bifan41": 0.047076737227075185, "Stomatal Opening Model_27542373-bifan42": 0.07193866307520769, "Stomatal Opening Model_27542373-bifan43": 0.5358560784803774, "Stomatal Opening Model_27542373-bifan44": 0.5396256000283656, "Stomatal Opening Model_27542373-bifan45": 0.33142233055159287, "Stomatal Opening Model_27542373-bifan46": 0.23825795057988025, "Stomatal Opening Model_27542373-bifan47": 0.11527698678294102, "Stomatal Opening Model_27542373-bifan48": 0.03463582309644841, "Stomatal Opening Model_27542373-bifan49": 0.3807447273713471, "Stomatal Opening Model_27542373-bifan50": 0.05582442114430369, "Stomatal Opening Model_27542373-bifan51": 0.7028195311147832, "Stomatal Opening Model_27542373-bifan52": 0.15171618910771478, "Stomatal Opening Model_27542373-bifan53": 0.3275546121038323, "Stomatal Opening Model_27542373-bifan54": 0.033742801713156495, "Stomatal Opening Model_27542373-bifan55": 0.24993629499281986, "Stomatal Opening Model_27542373-bifan56": 0.03356244559262891, "Stomatal Opening Model_27542373-bifan57": 0.02566048901842271, "Stomatal Opening Model_27542373-bifan58": 0.031772205894702386, "Stomatal Opening Model_27542373-bifan59": 0.9937584081181328, "Stomatal Opening Model_27542373-bifan60": 0.02359606039259849, "Stomatal Opening Model_27542373-bifan61": 0.11707682417748579, "Stomatal Opening Model_27542373-bifan62": 0.16754138986165662, "Stomatal Opening Model_27542373-bifan63": 0.09507994904144551, "Stomatal Opening Model_27542373-bifan64": 0.16079412834063084, "Stomatal Opening Model_27542373-bifan65": 0.060081621693084244, "Stomatal Opening Model_27542373-bifan66": 0.03392912135568666, "Stomatal Opening Model_27542373-bifan67": 0.2541237811580134, "Stomatal Opening Model_27542373-bifan68": 0.16305320458823094, "Stomatal Opening Model_27542373-bifan69": 0.42025579788839024, "Stomatal Opening Model_27542373-bifan70": 0.20497110333168556, "Stomatal Opening Model_27542373-bifan71": 0.31520656180456125, "Stomatal Opening Model_27542373-bifan72": 0.49864959007947895, "Stomatal Opening Model_27542373-bifan73": 0.200666269321934, "Stomatal Opening Model_27542373-bifan74": 0.3369026290718721, "Stomatal Opening Model_27542373-bifan75": 0.13506673480046877, "Stomatal Opening Model_27542373-bifan76": 0.1622880332718541, "Stomatal Opening Model_27542373-bifan77": 0.05053955377415705, "Stomatal Opening Model_27542373-bifan78": 0.266251972109957, "Stomatal Opening Model_27542373-bifan79": 0.16341868991277717, "Stomatal Opening Model_27542373-bifan80": 0.2558657418578656, "Stomatal Opening Model_27542373-bifan81": 0.18495125341571433, "Stomatal Opening Model_27542373-bifan82": 0.2711852729726488, "Stomatal Opening Model_27542373-bifan83": 0.20402496676399268, "Stomatal Opening Model_27542373-bifan84": 0.10221700146248248, "Stomatal Opening Model_27542373-bifan85": 0.02959790556426537, "Stomatal Opening Model_27542373-bifan86": 0.14386742719759033, "Stomatal Opening Model_27542373-bifan87": 0.09151868650477371, "Stomatal Opening Model_27542373-bifan88": 0.2830505711750145, "Stomatal Opening Model_27542373-bifan89": 0.012800978942172494, "Stomatal Opening Model_27542373-bifan90": 0.1696475098987295, "Stomatal Opening Model_27542373-bifan91": 0.42152071109722566, "Stomatal Opening Model_27542373-bifan92": 0.020702935516378695, "Stomatal Opening Model_27542373-bifan93": 0.6514799656737436, "Stomatal Opening Model_27542373-bifan94": 0.19288518150354006, "Stomatal Opening Model_27542373-bifan95": 0.04012732288474925, "Stomatal Opening Model_27542373-bifan96": 0.2147971676854851, "Stomatal Opening Model_27542373-bifan97": 0.09595433682823115, "Stomatal Opening Model_27542373-bifan98": 0.12816996322726887, "Stomatal Opening Model_27542373-bifan99": 0.14904695392150907, "Stomatal Opening Model_27542373-bifan100": 0.2382579505798803, "Stomatal Opening Model_27542373-bifan101": 0.46639614490970205, "Stomatal Opening Model_27542373-bifan102": 0.3622692056379044, "Stomatal Opening Model_27542373-bifan103": 0.020613478942172494, "Stomatal Opening Model_27542373-bifan104": 0.5493597169855775, "Stomatal Opening Model_27542373-bifan105": 0.09017023911368188, "Stomatal Opening Model_27542373-bifan106": 0.13672842739144767, "Stomatal Opening Model_27542373-bifan107": 0.09017023911368191, "Stomatal Opening Model_27542373-bifan108": 0.03958470589470238, "Stomatal Opening Model_27542373-bifan109": 0.2736887296087131, "Stomatal Opening Model_27542373-bifan110": 0.1646862642331573, "Stomatal Opening Model_27542373-bifan111": 0.4477941621727497, "Stomatal Opening Model_27542373-bifan112": 0.03958470589470238, "Stomatal Opening Model_27542373-bifan113": 0.3369026290718721, "Stomatal Opening Model_27542373-bifan114": 0.03483446991844648, "Stomatal Opening Model_27542373-bifan115": 0.3695948903931464, "Stomatal Opening Model_27542373-bifan116": 0.2815207343705761, "Stomatal Opening Model_27542373-bifan117": 0.4650406733272974, "Stomatal Opening Model_27542373-bifan118": 0.03761292051314967, "Stomatal Opening Model_27542373-bifan119": 0.16462560002836557, "Stomatal Opening Model_27542373-bifan120": 0.07100643561997741, "Stomatal Opening Model_27542373-bifan121": 0.11900318838410508, "Stomatal Opening Model_27542373-bifan122": 0.2147971676854851, "Stomatal Opening Model_27542373-bifan123": 0.3259149581136832, "Stomatal Opening Model_27542373-bifan124": 0.2353146408734345, "Stomatal Opening Model_27542373-bifan125": 0.21479716768548512,