{"FA BRCA pathway_22267503-bifan1": 1.8263620671606793, "FA BRCA pathway_22267503-bifan2": 1.863963342753471, "FA BRCA pathway_22267503-bifan3": 1.8263620671606793, "FA BRCA pathway_22267503-bifan4": 1.9856141343827474, "FA BRCA pathway_22267503-bifan5": 1.8792440157403103, "FA BRCA pathway_22267503-bifan6": 1.659662325278757, "FA BRCA pathway_22267503-bifan7": 2.522445044860848, "FA BRCA pathway_22267503-bifan8": 1.960978145827886, "FA BRCA pathway_22267503-bifan9": 1.8219986347615147, "FA BRCA pathway_22267503-bifan10": 1.960978145827886, "FA BRCA pathway_22267503-bifan11": 1.6293936720825684, "FA BRCA pathway_22267503-bifan12": 1.8630167108282645, "FA BRCA pathway_22267503-bifan13": 1.863963342753471, "FA BRCA pathway_22267503-bifan14": 1.8507289890932843, "FA BRCA pathway_22267503-bifan15": 1.914892940196855, "FA BRCA pathway_22267503-bifan16": 1.9490641733105383, "FA BRCA pathway_22267503-bifan17": 1.6560230318373756, "FA BRCA pathway_22267503-bifan18": 1.6930041524332244, "FA BRCA pathway_22267503-bifan19": 2.4328273298079948, "FA BRCA pathway_22267503-bifan20": 2.483067269350802, "FA BRCA pathway_22267503-bifan21": 2.5644880955828917, "FA BRCA pathway_22267503-bifan22": 1.8630167108282645, "FA BRCA pathway_22267503-twoFFL1": 1.6427533904282687, "FA BRCA pathway_22267503-twoFFL2": 1.6726201735458548, "FA BRCA pathway_22267503-twoFFL3": 1.3907908799487592, "FA BRCA pathway_22267503-twoFFL4": 1.3907908799487592, "FA BRCA pathway_22267503-twoFFL5": 1.9186398927327017, "FA BRCA pathway_22267503-twoFFL6": 1.4325911178188153, "FA BRCA pathway_22267503-twoFFL7": 1.6427533904282685, "FA BRCA pathway_22267503-twoFFL8": 1.388383911034773, "FA BRCA pathway_22267503-twoFFL9": 1.5784610420996696, "FA BRCA pathway_22267503-twoFFL10": 1.4018038635223835, "FA BRCA pathway_22267503-twoFFL11": 1.1460952706771685, "FA BRCA pathway_22267503-twoFFL12": 1.2079104661887605, "FA BRCA pathway_22267503-twoFFL13": 1.3449461360477288, "FA BRCA pathway_22267503-twoFFL14": 1.4018038635223835, "FA BRCA pathway_22267503-twoFFL15": 1.6207648713939702, "FA BRCA pathway_22267503-twoFFL16": 1.4582502782704747, "FA BRCA pathway_22267503-twoFFL17": 1.6129057515846288, "FA BRCA pathway_22267503-twoFFL18": 1.3479866015025965, "FA BRCA pathway_22267503-twoFFL19": 1.5784610420996694, "FA BRCA pathway_22267503-twoFFL20": 1.6787446434136453, "FA BRCA pathway_22267503-twoFFL21": 1.5037261634713972, "FA BRCA pathway_22267503-twoFFL22": 1.6726201735458548, "FA BRCA pathway_22267503-twoFFL23": 1.4459130565910616, "FA BRCA pathway_22267503-twoFFL24": 0.9964713297356691, "FA BRCA pathway_22267503-twoFFL25": 1.6499642477041137, "FA BRCA pathway_22267503-twoFFL26": 2.116047573762998, "FA BRCA pathway_22267503-twoFFL27": 1.3510571513621072, "FA BRCA pathway_22267503-twoFFL28": 1.6078511009672158, "FA BRCA pathway_22267503-twoFFL29": 1.109972256875611, "FA BRCA pathway_22267503-twoFFL30": 1.0213329105927929, "FA BRCA pathway_22267503-twoFFL31": 1.8331737739505871, "FA BRCA pathway_22267503-twoFFL32": 1.8981295489427308, "FA BRCA pathway_22267503-twoFFL33": 1.4459130565910616, "FA BRCA pathway_22267503-twoFFL34": 1.3090622209908953, "FA BRCA pathway_22267503-twoFFL35": 1.4325911178188153, "FA BRCA pathway_22267503-twoFFL36": 1.6123377615892975, "FA BRCA pathway_22267503-twoFFL37": 1.071729580106795, "FA BRCA pathway_22267503-twoFFL38": 1.6164901516108685, "FA BRCA pathway_22267503-twoFFL39": 1.6197497779454535, "FA BRCA pathway_22267503-twoFFL40": 1.4560711031303886, "FA BRCA pathway_22267503-twoFFL41": 1.699245383264917, "FA BRCA pathway_22267503-twoFFL42": 2.763679892866409, "FA BRCA pathway_22267503-twoFFL43": 1.8424776522264186, "FA BRCA pathway_22267503-twoFFL44": 1.0213329105927924, "FA BRCA pathway_22267503-twoFFL45": 1.1340142582829782, "FA BRCA pathway_22267503-twoFFL46": 1.1951992041600765, "FA BRCA pathway_22267503-twoFFL47": 1.6129057515846288, "FA BRCA pathway_22267503-twoFFL48": 1.4525660880563267, "FA BRCA pathway_22267503-twoFFL49": 1.3510571513621072, "FA BRCA pathway_22267503-twoFFL50": 1.0717295801067952, "FA BRCA pathway_22267503-twoFFL51": 1.699245383264917, "FA BRCA pathway_22267503-twoFFL52": 1.3349711417451986, "FA BRCA pathway_22267503-fourone1": 1.767746267183478, "FA BRCA pathway_22267503-fourone2": 2.201849962267133, "FA BRCA pathway_22267503-fourone3": 1.9338483563684097, "FA BRCA pathway_22267503-fourone4": 2.772836657504212, "FA BRCA pathway_22267503-fourone5": 1.9688797294006717, "FA BRCA pathway_22267503-fourone6": 2.6361452615279477, "FA BRCA pathway_22267503-fourone7": 2.132431657028648, "FA BRCA pathway_22267503-fourone8": 1.6827268900294854, "FA BRCA pathway_22267503-fourone9": 2.1090162976989966, "FA BRCA pathway_22267503-fourone10": 2.282158144264848, "FA BRCA pathway_22267503-fourone11": 1.9865838049456355, "FA BRCA pathway_22267503-fourone12": 1.9183767013211102, "FA BRCA pathway_22267503-fourone13": 2.4950976371043296, "FA BRCA pathway_22267503-fourone14": 2.1882412952292567, "FA BRCA pathway_22267503-fourone15": 3.0402015103855367, "FA BRCA pathway_22267503-fourone16": 2.8296676845225153, "FA BRCA pathway_22267503-fourone17": 1.9688797294006717, "FA BRCA pathway_22267503-fourone18": 2.3505604447428348, "FA BRCA pathway_22267503-fourone19": 2.2358163796393553, "FA BRCA pathway_22267503-fourone20": 1.9062426379081086, "FA BRCA pathway_22267503-fourone21": 2.201849962267133, "FA BRCA pathway_22267503-fourone22": 2.356094294626149, "FA BRCA pathway_22267503-fourone23": 2.575349323815293, "FA BRCA pathway_22267503-fourone24": 2.6080328605995073, "FA BRCA pathway_22267503-fourone25": 1.9461615251714222, "FA BRCA pathway_22267503-fourone26": 1.9183767013211104, "FA BRCA pathway_22267503-fourone27": 2.036315110442253, "FA BRCA pathway_22267503-fourone28": 2.5563200265269685, "FA BRCA pathway_22267503-fourone29": 2.367177139343349, "FA BRCA pathway_22267503-fourone30": 1.975916224365365, "FA BRCA pathway_22267503-fourone31": 2.0086010646828845, "FA BRCA pathway_22267503-fourtwo1": 2.287961325464913, "FA BRCA pathway_22267503-fourtwo2": 2.6437110104818755, "FA BRCA pathway_22267503-fourtwo3": 1.953151410841929, "FA BRCA pathway_22267503-fourtwo4": 2.7490451572893955, "FA BRCA pathway_22267503-fourtwo5": 2.4839790808007836, "FA BRCA pathway_22267503-fourtwo6": 1.7231985277760613, "FA BRCA pathway_22267503-fourtwo7": 2.6832371713489653, "FA BRCA pathway_22267503-fourtwo8": 2.4998215866513656, "FA BRCA pathway_22267503-fourtwo9": 0.9851350690957044, "FA BRCA pathway_22267503-fourtwo10": 1.5704957360279475, "FA BRCA pathway_22267503-fourtwo11": 0.897263015080479, "FA BRCA pathway_22267503-fourtwo12": 1.6866429336349076, "FA BRCA pathway_22267503-fourtwo13": 1.7042336440310042, "FA BRCA pathway_22267503-fiveone1": 1.8741569627634709, "FA BRCA pathway_22267503-fiveone2": 2.0445978452666704, "FA BRCA pathway_22267503-fiveone3": 0.7576766360564549, "FA BRCA pathway_22267503-fiveone4": 1.467446006977597, "FA BRCA pathway_22267503-fiveone5": 1.2679724418828429, "FA BRCA pathway_22267503-fiveone6": 1.469881152154088, "FA BRCA pathway_22267503-fiveone7": 1.5906233087958457, "FA BRCA pathway_22267503-fiveone8": 1.4986286107091784, "FA BRCA pathway_22267503-fiveone9": 2.046376856870031, "FA BRCA pathway_22267503-fiveone10": 2.040733012797685, "FA BRCA pathway_22267503-fiveone11": 2.091359769829971, "FA BRCA pathway_22267503-fiveone12": 1.6402802893210198, "FA BRCA pathway_22267503-fiveone13": 2.0038850888857755, "FA BRCA pathway_22267503-fiveone14": 1.469881152154088, "FA BRCA pathway_22267503-fiveone15": 1.4570254557477094, "FA BRCA pathway_22267503-fiveone16": 0.934091178009572, "FA BRCA pathway_22267503-fiveone17": 1.9304189645494818, "FA BRCA pathway_22267503-fiveone18": 1.4099534826624205, "FA BRCA pathway_22267503-fiveone19": 2.194977901247482, "FA BRCA pathway_22267503-fiveone20": 2.095633049717911, "FA BRCA pathway_22267503-fiveone21": 1.4363375321208072, "FA BRCA pathway_22267503-fiveone22": 1.6389305573619555, "FA BRCA pathway_22267503-fiveone23": 1.9762251301793425,