{"Bordetella bronchiseptica_22253585-bifan1": 1.0550365325772657, "Bordetella bronchiseptica_22253585-bifan2": 1.4766438881728134, "Bordetella bronchiseptica_22253585-bifan3": 1.1745305191807236, "Bordetella bronchiseptica_22253585-bifan4": 1.53343612609198, "Bordetella bronchiseptica_22253585-bifan5": 1.4528195311147831, "Bordetella bronchiseptica_22253585-twoFFL1": 1.6691505805015394, "Bordetella bronchiseptica_22253585-twoFFL2": 1.561278124459133, "Bordetella bronchiseptica_22253585-twoFFL3": 1.6104928635144804, "Bordetella bronchiseptica_22253585-twoFFL4": 1.3993974703476995, "Bordetella bronchiseptica_22253585-twoFFL5": 1.25, "Bordetella bronchiseptica_22253585-twoFFL6": 1.25, "Bordetella bronchiseptica_22253585-twoFFL7": 1.25, "Bordetella bronchiseptica_22253585-twoFFL8": 1.25, "Bordetella bronchiseptica_22253585-twoFFL9": 1.25, "Bordetella bronchiseptica_22253585-twoFFL10": 0.8993974703476992, "Bordetella bronchiseptica_22253585-twoFFL11": 1.3993974703476995, "Bordetella bronchiseptica_22253585-twoFFL12": 1.1556390622295665, "Bordetella bronchiseptica_22253585-twoFFL13": 1.25, "Bordetella bronchiseptica_22253585-fourone1": 1.9582550261358822, "Bordetella bronchiseptica_22253585-fourone2": 1.9819462108538575, "Bordetella bronchiseptica_22253585-fourone3": 2.0806165949771964, "Bordetella bronchiseptica_22253585-fourone4": 1.7717457658676925, "Bordetella bronchiseptica_22253585-fourone5": 1.297428484649909, "Bordetella bronchiseptica_22253585-fourone6": 2.0806165949771964, "Bordetella bronchiseptica_22253585-fourone7": 1.1393456713386083, "Bordetella bronchiseptica_22253585-fourone8": 1.3405507306432096, "Bordetella bronchiseptica_22253585-fourtwo1": 0.4747518086214756, "Bordetella bronchiseptica_22253585-fiveone1": 1.0397221601866553, "Bordetella bronchiseptica_22253585-fiveone2": 0.6690315932218633, "Bordetella bronchiseptica_22253585-fiveone3": 0.6624890216231208, "Bordetella bronchiseptica_22253585-fiveone4": 0.3126312026117115, "Bordetella bronchiseptica_22253585-fiveone5": 0.4367385162917614, "Bordetella bronchiseptica_22253585-fiveone6": 0.3126312026117115, "Bordetella bronchiseptica_22253585-fiveone7": 2.0721340566706163, "Bordetella bronchiseptica_22253585-fivethree1": 1.2984969159782556, "Bordetella bronchiseptica_22253585-sixthree1": 1.8258417290982867, "Bortezomib Responses in U266 Human Myeloma Cells_26163548-bifan1": 2.151144808047134, "Bortezomib Responses in U266 Human Myeloma Cells_26163548-bifan2": 1.7226191779530464, "Bortezomib Responses in U266 Human Myeloma Cells_26163548-bifan3": 2.073116275423475, "Bortezomib Responses in U266 Human Myeloma Cells_26163548-bifan4": 1.9602764147635758, "Bortezomib Responses in U266 Human Myeloma Cells_26163548-bifan5": 2.75, "Bortezomib Responses in U266 Human Myeloma Cells_26163548-bifan6": 1.9744571722099593, "Bortezomib Responses in U266 Human Myeloma Cells_26163548-bifan7": 2.1559536955721152, "Bortezomib Responses in U266 Human Myeloma Cells_26163548-bifan8": 2.2639530750692933, "Bortezomib Responses in U266 Human Myeloma Cells_26163548-bifan9": 2.0, "Bortezomib Responses in U266 Human Myeloma Cells_26163548-bifan10": 1.7405349787018278, "Bortezomib Responses in U266 Human Myeloma Cells_26163548-bifan11": 3.0, "Bortezomib Responses in U266 Human Myeloma Cells_26163548-bifan12": 1.7969089171057648, "Bortezomib Responses in U266 Human Myeloma Cells_26163548-bifan13": 1.9715770064750784, "Bortezomib Responses in U266 Human Myeloma Cells_26163548-bifan14": 2.75, "Bortezomib Responses in U266 Human Myeloma Cells_26163548-bifan15": 2.1790547347534504, "Bortezomib Responses in U266 Human Myeloma Cells_26163548-bifan16": 2.25, "Bortezomib Responses in U266 Human Myeloma Cells_26163548-bifan17": 1.8584585933443496, "Bortezomib Responses in U266 Human Myeloma Cells_26163548-bifan18": 2.0693235243125345, "Bortezomib Responses in U266 Human Myeloma Cells_26163548-bifan19": 1.9631565804984565, "Bortezomib Responses in U266 Human Myeloma Cells_26163548-bifan20": 2.25, "Bortezomib Responses in U266 Human Myeloma Cells_26163548-twoFFL1": 1.8601921671262764, "Bortezomib Responses in U266 Human Myeloma Cells_26163548-twoFFL2": 1.5345963324533702, "Bortezomib Responses in U266 Human Myeloma Cells_26163548-twoFFL3": 1.7110071626970036, "Bortezomib Responses in U266 Human Myeloma Cells_26163548-fourtwo1": 0.8806933295987891, "Bortezomib Responses in U266 Human Myeloma Cells_26163548-fourtwo2": 0.8984070108583255, "Bortezomib Responses in U266 Human Myeloma Cells_26163548-fourtwo3": 1.0692107062497072, "Budding Yeast Cell Cycle 2009_19185585-bifan1": 1.1949844695678342, "Budding Yeast Cell Cycle 2009_19185585-bifan2": 2.318548050849239, "Budding Yeast Cell Cycle 2009_19185585-bifan3": 3.0378578638971847, "Budding Yeast Cell Cycle 2009_19185585-fourone1": 1.3522170014624826, "Budding Yeast Cell Cycle 2009_19185585-fourtwo1": 1.5112837070692138, "Budding Yeast Cell Cycle 2009_19185585-fourtwo2": 1.6668803555873515, "Budding Yeast Cell Cycle 2009_19185585-fiveone1": 1.3463711696153111, "Budding Yeast Cell Cycle 2009_19185585-fiveone2": 2.1036575167410687, "Budding Yeast Cell Cycle 2009_19185585-fiveone3": 1.5225500818910638, "Budding Yeast Cell Cycle 2009_19185585-fiveone4": 1.7586900969097843, "Budding Yeast Cell Cycle 2009_19185585-fiveone5": 2.010486055502229, "Budding Yeast Cell Cycle 2009_19185585-fiveone6": 0.467693663485162, "Budding Yeast Cell Cycle 2009_19185585-fiveone7": 1.612327816376156, "Budding Yeast Cell Cycle 2009_19185585-fiveone8": 1.7353395734740484, "Budding Yeast Cell Cycle_23049686-bifan1": 1.8147109265604704, "Budding Yeast Cell Cycle_23049686-fourone1": 2.073134343745349, "Budding Yeast Cell Cycle_23049686-fourone2": 1.8232976269861318, "Budding Yeast Cell Cycle_23049686-fourone3": 1.2413146570363984, "Budding Yeast Cell Cycle_23049686-fourone4": 1.5447367178034825, "Budding Yeast Cell Cycle_23049686-fourtwo1": 1.3269902518432306, "Budding Yeast Cell Cycle_23049686-fiveone1": 1.7139289408544274, "Budding Yeast Cell Cycle_23049686-fiveone2": 1.7012665328872638, "CD4 T cell signaling_25538703-bifan1": 2.076125541982098, "CD4 T cell signaling_25538703-bifan2": 2.031818445113016, "CD4 T cell signaling_25538703-bifan3": 1.414706289091329, "CD4 T cell signaling_25538703-bifan4": 1.7816070029170914, "CD4 T cell signaling_25538703-bifan5": 1.60171285614812, "CD4 T cell signaling_25538703-bifan6": 1.3575540705486397, "CD4 T cell signaling_25538703-bifan7": 3.3304121137029323, "CD4 T cell signaling_25538703-bifan8": 2.514590813808615, "CD4 T cell signaling_25538703-bifan9": 1.6789742675152282, "CD4 T cell signaling_25538703-bifan10": 2.523435497959222, "CD4 T cell signaling_25538703-bifan11": 1.181394147866706, "CD4 T cell signaling_25538703-bifan12": 1.2939656704736706, "CD4 T cell signaling_25538703-bifan13": 3.112335297721811, "CD4 T cell signaling_25538703-bifan14": 1.2669097776776121, "CD4 T cell signaling_25538703-bifan15": 0.8980332431943734, "CD4 T cell signaling_25538703-bifan16": 0.74483189550107, "CD4 T cell signaling_25538703-bifan17": 1.8589547423985913, "CD4 T cell signaling_25538703-bifan18": 2.3830187719164533, "CD4 T cell signaling_25538703-bifan19": 2.1957567416575348, "CD4 T cell signaling_25538703-bifan20": 1.6535499624113925, "CD4 T cell signaling_25538703-bifan21": 2.076125541982098, "CD4 T cell signaling_25538703-bifan22": 1.7742937919532658, "CD4 T cell signaling_25538703-bifan23": 1.4195575946031616, "CD4 T cell signaling_25538703-bifan24": 2.3679702554126743, "CD4 T cell signaling_25538703-bifan25": 2.3830187719164533, "CD4 T cell signaling_25538703-bifan26": 1.438961092353512, "CD4 T cell signaling_25538703-bifan27": 1.4725716435832232, "CD4 T cell signaling_25538703-bifan28": 1.3401439392853522, "CD4 T cell signaling_25538703-bifan29": 1.4405315851617433, "CD4 T cell signaling_25538703-bifan30": 2.992933496021163, "CD4 T cell signaling_25538703-bifan31": 1.5285499624113923, "CD4 T cell signaling_25538703-bifan32": 1.0318268094573364,