{"Stomatal Opening Model_27542373-bifan1": 2.449462670144009, "Stomatal Opening Model_27542373-bifan2": 1.8159541041216163, "Stomatal Opening Model_27542373-bifan3": 2.155315330151046, "Stomatal Opening Model_27542373-bifan4": 2.005309220508171, "Stomatal Opening Model_27542373-bifan5": 2.139097655573916, "Stomatal Opening Model_27542373-bifan6": 3.49389410734374, "Stomatal Opening Model_27542373-bifan7": 2.6217658065811515, "Stomatal Opening Model_27542373-bifan8": 1.8700186304801978, "Stomatal Opening Model_27542373-bifan9": 2.1424113955237307, "Stomatal Opening Model_27542373-bifan10": 2.6135073344644466, "Stomatal Opening Model_27542373-bifan11": 2.1150979402197043, "Stomatal Opening Model_27542373-bifan12": 2.3618805841204806, "Stomatal Opening Model_27542373-bifan13": 1.9380793033788164, "Stomatal Opening Model_27542373-bifan14": 1.9865831261530347, "Stomatal Opening Model_27542373-bifan15": 1.5998450101322632, "Stomatal Opening Model_27542373-bifan16": 2.0875745152068985, "Stomatal Opening Model_27542373-bifan17": 2.8963924194099473, "Stomatal Opening Model_27542373-bifan18": 1.993647828206503, "Stomatal Opening Model_27542373-bifan19": 2.6085735083484645, "Stomatal Opening Model_27542373-bifan20": 2.886866087258068, "Stomatal Opening Model_27542373-bifan21": 1.6276017096779507, "Stomatal Opening Model_27542373-bifan22": 1.7615698680481426, "Stomatal Opening Model_27542373-bifan23": 2.277103626652857, "Stomatal Opening Model_27542373-bifan24": 1.6969472370647602, "Stomatal Opening Model_27542373-bifan25": 2.9000126382375035, "Stomatal Opening Model_27542373-bifan26": 1.8597362567026559, "Stomatal Opening Model_27542373-bifan27": 1.2534125161367111, "Stomatal Opening Model_27542373-bifan28": 1.6255535932621625, "Stomatal Opening Model_27542373-bifan29": 2.146958877990138, "Stomatal Opening Model_27542373-bifan30": 2.0626541543971064, "Stomatal Opening Model_27542373-bifan31": 2.718685177998842, "Stomatal Opening Model_27542373-bifan32": 2.4258868051043456, "Stomatal Opening Model_27542373-bifan33": 2.198476859632982, "Stomatal Opening Model_27542373-bifan34": 1.413377458589974, "Stomatal Opening Model_27542373-bifan35": 1.3782058218600461, "Stomatal Opening Model_27542373-bifan36": 1.4292335558052236, "Stomatal Opening Model_27542373-bifan37": 1.5105621042326303, "Stomatal Opening Model_27542373-bifan38": 1.8208716175634196, "Stomatal Opening Model_27542373-bifan39": 1.3621039196433102, "Stomatal Opening Model_27542373-bifan40": 2.9534544819504283, "Stomatal Opening Model_27542373-bifan41": 3.465207321242463, "Stomatal Opening Model_27542373-bifan42": 1.9218962819336673, "Stomatal Opening Model_27542373-bifan43": 2.65396462489076, "Stomatal Opening Model_27542373-bifan44": 2.200414569644824, "Stomatal Opening Model_27542373-bifan45": 2.0107559512725315, "Stomatal Opening Model_27542373-bifan46": 1.7899181682708627, "Stomatal Opening Model_27542373-bifan47": 2.3411764943900693, "Stomatal Opening Model_27542373-bifan48": 1.5090789811666012, "Stomatal Opening Model_27542373-bifan49": 3.058969528351502, "Stomatal Opening Model_27542373-bifan50": 1.7005862599482393, "Stomatal Opening Model_27542373-bifan51": 2.639097655573916, "Stomatal Opening Model_27542373-bifan52": 2.344758692763921, "Stomatal Opening Model_27542373-bifan53": 2.666588475013593, "Stomatal Opening Model_27542373-bifan54": 1.6352810346515105, "Stomatal Opening Model_27542373-bifan55": 1.2648992893467577, "Stomatal Opening Model_27542373-bifan56": 1.2443126269215183, "Stomatal Opening Model_27542373-bifan57": 1.6872197956754122, "Stomatal Opening Model_27542373-bifan58": 1.9234182924009353, "Stomatal Opening Model_27542373-bifan59": 1.805036532577266, "Stomatal Opening Model_27542373-bifan60": 1.9331457337902833, "Stomatal Opening Model_27542373-bifan61": 2.443770351323357, "Stomatal Opening Model_27542373-bifan62": 2.917375009340354, "Stomatal Opening Model_27542373-bifan63": 1.713811922877999, "Stomatal Opening Model_27542373-bifan64": 2.4356751025149013, "Stomatal Opening Model_27542373-bifan65": 2.0290371491450787, "Stomatal Opening Model_27542373-bifan66": 1.367567353391974, "Stomatal Opening Model_27542373-bifan67": 1.8861400924378118, "Stomatal Opening Model_27542373-bifan68": 2.8500662749757613, "Stomatal Opening Model_27542373-bifan69": 2.4095785441815667, "Stomatal Opening Model_27542373-bifan70": 2.1641044778538254, "Stomatal Opening Model_27542373-bifan71": 2.441959644588525, "Stomatal Opening Model_27542373-bifan72": 2.3553443346786036, "Stomatal Opening Model_27542373-bifan73": 2.473746122081741, "Stomatal Opening Model_27542373-bifan74": 2.000812394629264, "Stomatal Opening Model_27542373-bifan75": 1.5199671433195665, "Stomatal Opening Model_27542373-bifan76": 2.1197362500024877, "Stomatal Opening Model_27542373-bifan77": 2.3456935062365716, "Stomatal Opening Model_27542373-bifan78": 1.5989715283995793, "Stomatal Opening Model_27542373-bifan79": 3.217606588707906, "Stomatal Opening Model_27542373-bifan80": 2.768547980858286, "Stomatal Opening Model_27542373-bifan81": 2.081700388570762, "Stomatal Opening Model_27542373-bifan82": 2.5615619760252706, "Stomatal Opening Model_27542373-bifan83": 1.2172332474963015, "Stomatal Opening Model_27542373-bifan84": 2.6941341881511818, "Stomatal Opening Model_27542373-bifan85": 1.8657706956826967, "Stomatal Opening Model_27542373-bifan86": 1.7464224963702208, "Stomatal Opening Model_27542373-bifan87": 1.921639811088488, "Stomatal Opening Model_27542373-bifan88": 2.4369798748081113, "Stomatal Opening Model_27542373-bifan89": 1.2203187745263644, "Stomatal Opening Model_27542373-bifan90": 3.009823700079381, "Stomatal Opening Model_27542373-bifan91": 2.3335065115467097, "Stomatal Opening Model_27542373-bifan92": 1.4363130321519781, "Stomatal Opening Model_27542373-bifan93": 2.6205244128757292, "Stomatal Opening Model_27542373-bifan94": 2.253602082229159, "Stomatal Opening Model_27542373-bifan95": 1.825379565671574, "Stomatal Opening Model_27542373-bifan96": 2.3998809741742697, "Stomatal Opening Model_27542373-bifan97": 1.6287900840370932, "Stomatal Opening Model_27542373-bifan98": 1.654183189424576, "Stomatal Opening Model_27542373-bifan99": 2.0512837362404093, "Stomatal Opening Model_27542373-bifan100": 1.874678276346287, "Stomatal Opening Model_27542373-bifan101": 1.962964369241936, "Stomatal Opening Model_27542373-bifan102": 2.3311380154492465, "Stomatal Opening Model_27542373-bifan103": 1.6375180914565794, "Stomatal Opening Model_27542373-bifan104": 2.459330429013714, "Stomatal Opening Model_27542373-bifan105": 2.3789062034296413, "Stomatal Opening Model_27542373-bifan106": 1.9453343706841126, "Stomatal Opening Model_27542373-bifan107": 2.2941460953542174, "Stomatal Opening Model_27542373-bifan108": 1.9984509590870119, "Stomatal Opening Model_27542373-bifan109": 1.4963063394804044, "Stomatal Opening Model_27542373-bifan110": 0.9482248851924897, "Stomatal Opening Model_27542373-bifan111": 2.367491034713938, "Stomatal Opening Model_27542373-bifan112": 1.5512772152754835, "Stomatal Opening Model_27542373-bifan113": 2.1678888596983783, "Stomatal Opening Model_27542373-bifan114": 2.4462117391417735, "Stomatal Opening Model_27542373-bifan115": 1.7198410166235956, "Stomatal Opening Model_27542373-bifan116": 3.184522729416646, "Stomatal Opening Model_27542373-bifan117": 2.304300266708939, "Stomatal Opening Model_27542373-bifan118": 1.5701156737031083, "Stomatal Opening Model_27542373-bifan119": 2.6304511022220893, "Stomatal Opening Model_27542373-bifan120": 1.570068288112246, "Stomatal Opening Model_27542373-bifan121": 2.88319696828051, "Stomatal Opening Model_27542373-bifan122": 2.30721979842033, "Stomatal Opening Model_27542373-bifan123": 2.3989823368350622, "Stomatal Opening Model_27542373-bifan124": 1.4353170325347593, "Stomatal Opening Model_27542373-bifan125": 2.3414852037838623, "Stomatal Opening Model_27542373-bifan126": 1.387933263249394, "Stomatal Opening Model_27542373-bifan127": 1.7626050101240818,