{"Death Receptor Signaling_20221256-bifan1": 1.811278124459133, "Death Receptor Signaling_20221256-fourone1": 1.8561814952481175, "Death Receptor Signaling_20221256-fourone2": 1.3088343733773984, "Death Receptor Signaling_20221256-fourone3": 1.1225562489182657, "Death Receptor Signaling_20221256-fourone4": 1.1713511896136644, "Death Receptor Signaling_20221256-fourone5": 1.1225562489182657, "Death Receptor Signaling_20221256-fourone6": 1.1225562489182657, "Death Receptor Signaling_20221256-fourone7": 1.1225562489182659, "Death Receptor Signaling_20221256-fourtwo1": 1.2334585933443498, "Death Receptor Signaling_20221256-fivetwo1": 0.9635579488755575, "Differentiation of T lymphocytes_23743337-fourtwo1": 0.23770619546486427, "Differentiation of T lymphocytes_23743337-fourtwo2": 0.9868551146671942, "Differentiation of T lymphocytes_23743337-twelve1": 0.7398259463286188}