{"CD4+ T cell Differentiation_22871178-bifan1": 2.6866084778956303, "CD4+ T cell Differentiation_22871178-bifan2": 1.6274098308348317, "CD4+ T cell Differentiation_22871178-bifan3": 1.9544340029249652, "CD4+ T cell Differentiation_22871178-bifan4": 1.8865177844596135, "CD4+ T cell Differentiation_22871178-bifan5": 2.1213839743143796, "CD4+ T cell Differentiation_22871178-twoFFL1": 1.6898267934818285, "CD4+ T cell Differentiation_22871178-fourone1": 1.550957666239319, "CD4+ T cell Differentiation_22871178-fourone2": 1.2964226204501377, "CD4+ T cell Differentiation_22871178-fourone3": 1.354346151683605, "CD4+ T cell Differentiation_22871178-fourone4": 1.0248237109761753, "CD4+ T cell Differentiation_22871178-fourone5": 1.418564443199596, "CD4+ T cell Differentiation_22871178-fourone6": 1.215172420685739, "CD4+ T cell Differentiation_22871178-fourone7": 2.0682271084908295, "CD4+ T cell Differentiation_22871178-fourone8": 1.5028617106226947, "CD4+ T cell Differentiation_22871178-fourone9": 1.7903420320904986, "CD4+ T cell Differentiation_22871178-fourone10": 1.6021963580164518, "CD4+ T cell Differentiation_22871178-fourone11": 1.596715910298682, "CD4+ T cell Differentiation_22871178-fourone12": 1.2946528626319616, "CD4+ T cell Differentiation_22871178-fourone13": 1.566498193237588, "CD4+ T cell Differentiation_22871178-fourone14": 1.9343042303700053, "CD4+ T cell Differentiation_22871178-fourone15": 1.6021963580164515, "CD4+ T cell Differentiation_22871178-fourone16": 1.4726137351783355, "CD4+ T cell Differentiation_22871178-fourone17": 1.3985121776023566, "CD4+ T cell Differentiation_22871178-fourone18": 1.6397113504463783, "CD4+ T cell Differentiation_22871178-fourone19": 1.2075323308210641, "CD4+ T cell Differentiation_22871178-fourone20": 1.9274006403833337, "CD4+ T cell Differentiation_22871178-fourone21": 1.2905489465991995, "CD4+ T cell Differentiation_22871178-fourtwo1": 0.9224691750165904, "CD4+ T cell Differentiation_22871178-fourtwo2": 1.7460189482277642, "CD4+ T cell Differentiation_22871178-fourtwo3": 1.1146795417801865, "CD4+ T cell Differentiation_22871178-fiveone1": 1.5566042814561578, "CD4+ T cell Differentiation_22871178-fiveone2": 1.1194424424476703, "CD4+ T cell Differentiation_22871178-fivetwo1": 0.9116648035759467, "CD4+ T cell Differentiation_22871178-fivetwo2": 1.1554444092558374, "CD4+ T cell Differentiation_22871178-fivetwo3": 0.7088598810859554, "CD4+ T cell Differentiation_22871178-sixone1": 1.1172689709120154, "CD4+ T cell Differentiation_22871178-sixthree1": 1.2969537137258478, "Cardiac development_23056457-bifan1": 2.282686537771033, "Cardiac development_23056457-bifan2": 2.109332510907203, "Cardiac development_23056457-bifan3": 2.5943609377704338, "Cardiac development_23056457-bifan4": 1.97129752315985, "Cardiac development_23056457-bifan5": 2.0, "Cardiac development_23056457-bifan6": 2.076151286284631, "Cardiac development_23056457-twoFFL1": 1.407673332399697, "Cardiac development_23056457-twoFFL2": 1.5907175322542364, "Cardiac development_23056457-twoFFL3": 1.850722829174257, "Cell Cycle Transcription by Coupled CDK and Network Oscillators_18463633-fourone1": 0.5235681910761467, "Cell Cycle Transcription by Coupled CDK and Network Oscillators_18463633-fourone2": 0.712290066617014, "Cell Cycle Transcription by Coupled CDK and Network Oscillators_18463633-fourtwo1": 1.020998359526468, "Cell Cycle Transcription by Coupled CDK and Network Oscillators_18463633-fourtwo2": 1.020998359526468, "Cell Cycle Transcription by Coupled CDK and Network Oscillators_18463633-fivethree1": 0.6344705355022306}