{"B cell differentiation_26751566-bifan1": 2.098943590714825, "B cell differentiation_26751566-ten1": 0.8503577983434587, "BT474 Breast Cell Line Long-term ErbB Network_24970389-bifan1": 2.214239027116469, "BT474 Breast Cell Line Long-term ErbB Network_24970389-bifan2": 2.4117364260359753, "BT474 Breast Cell Line Long-term ErbB Network_24970389-bifan3": 2.344057762681355, "BT474 Breast Cell Line Long-term ErbB Network_24970389-fourone1": 0.3573728691075909, "BT474 Breast Cell Line Long-term ErbB Network_24970389-fourone2": 0.22123439611871235, "BT474 Breast Cell Line Long-term ErbB Network_24970389-fourone3": 0.256373516963794, "BT474 Breast Cell Line Long-term ErbB Network_24970389-fourone4": 0.5001716697249903, "BT474 Breast Cell Line Short-term ErbB Network_24970389-twoFFL1": 1.0062425618136686, "BT474 Breast Cell Line Short-term ErbB Network_24970389-twoFFL2": 1.0045470318464091, "Body Segmentation in Drosophila 2013_23520449-bifan1": 1.882856063692049, "Body Segmentation in Drosophila 2013_23520449-bifan2": 1.6867203216654283, "Body Segmentation in Drosophila 2013_23520449-bifan3": 1.6784195292250566, "Body Segmentation in Drosophila 2013_23520449-fourone1": 1.3713839743143796, "Body Segmentation in Drosophila 2013_23520449-fourone2": 0.8548425676587293, "Body Segmentation in Drosophila 2013_23520449-fourone3": 0.8713839743143795, "Body Segmentation in Drosophila 2013_23520449-fourone4": 1.4619000975298446, "Body Segmentation in Drosophila 2013_23520449-fourone5": 0.8233885792578717, "Body Segmentation in Drosophila 2013_23520449-fourone6": 0.8766144718101817, "Body Segmentation in Drosophila 2013_23520449-fourone7": 1.3548425676587292, "Body Segmentation in Drosophila 2013_23520449-fivethree1": 1.3179619135472955}