{
    "ABCD_XOR_00_EI": 1.0,
    "ABCD_XOR_05_EI": 0.9816255253850839,
    "ABCD_XOR_10_EI": 0.9219386585793158,
    "ABCD_XOR_15_EI": 0.8224217693022885,
    "ABCD_XOR_20_EI": 0.6908233568593299,
    "ABCD_XOR_25_EI": 0.5387856040010077,
    "ABCD_XOR_30_EI": 0.3805662805758389,
    "ABCD_XOR_35_EI": 0.23204201928815235,
    "ABCD_XOR_40_EI": 0.10960466046883514,
    "ABCD_XOR_45_EI": 0.0284749859611775,
    "ABCD_XOR_50_EI": 0.0
}