{
    "ABCD_XOR_00_Syn": 0.0,
    "ABCD_XOR_05_Syn": 0.024210414617125253,
    "ABCD_XOR_10_Syn": 0.05952092794427166,
    "ABCD_XOR_15_Syn": 0.0859059524844007,
    "ABCD_XOR_20_Syn": 0.09698010518006017,
    "ABCD_XOR_25_Syn": 0.09237916243425842,
    "ABCD_XOR_30_Syn": 0.07524051012652261,
    "ABCD_XOR_35_Syn": 0.05086722562567356,
    "ABCD_XOR_40_Syn": 0.025832632753477996,
    "ABCD_XOR_45_Syn": 0.007013334308666366,
    "ABCD_XOR_50_Syn": 0.0
}