{"(('Ca2_c', 'HTPase', 'KAP', 'pH'), (4, 3, 19, 20))": [0.4913146570363985, 2.665109597731797, 0.28932440519316843], "(('HTPase', 'KOUT', 'ROS', 'pH'), (3, 37, 0, 20))": [0.3278195311147832, 2.9375, 0.2653195311147832], "(('AnionEM', 'Ca2_c', 'KAP', 'pH'), (18, 4, 19, 20))": [0.6556390622295665, 2.876614471810182, 0.3278195311147848], "(('ABI1', 'HTPase', 'ROS', 'pH'), (24, 3, 0, 20))": [0.5612781244591327, 2.2806390622295662, 0.21936093777043353], "(('AnionEM', 'Ca2_c', 'HTPase', 'pH'), (18, 4, 3, 20))": [0.6556390622295664, 2.3766144718101816, 0.3278195311147839], "(('ABI1', 'KOUT', 'ROS', 'pH'), (24, 37, 0, 20))": [0.3278195311147832, 2.9375, 0.2653195311147832], "(('ABI1', 'AnionEM', 'Atrboh', 'pH'), (24, 18, 16, 20))": [0.6788356123717889, 1.7236429365398327, 0.3848156568045187], "(('ABI1', 'Atrboh', 'RAC1', 'ROS'), (24, 16, 6, 0))": [1.5024972121855058, 0.8598229274255985, 0.3100027878144942], "(('ABI1', 'Atrboh', 'CaIM', 'ROS'), (24, 16, 25, 0))": [1.2151977828883815, 1.3934904995909567, 0.25355221711161846], "(('Ca2_c', 'CaIM', 'Depolar', 'NOS'), (4, 25, 11, 14))": [1.7657121273840977, 0.9867784445219693, 0.35928787261590234], "(('ABI1', 'Atrboh', 'KOUT', 'ROS'), (24, 16, 37, 0))": [1.2161820521373965, 1.361553821567931, 0.2838179478626035], "(('ABI1', 'AnionEM', 'Atrboh', 'ROS'), (24, 18, 16, 0))": [1.3789267660750106, 0.9747942057161385, 0.43357323392498937], "(('Actin', 'Ca2_c', 'CaIM', 'Depolar'), (32, 4, 25, 11))": [1.1022384227790796, 1.2920547399169513, 0.5540115772209204], "(('ABI1', 'Atrboh', 'HTPase', 'ROS'), (24, 16, 3, 0))": [1.3776496808432983, 0.7571912298218428, 0.2473503191567017], "(('Ca2_c', 'CaIM', 'Depolar', 'PLC'), (4, 25, 11, 29))": [1.0957569381596128, 1.2855732552974846, 0.5604930618403872], "(('CIS', 'Ca2_c', 'InsP3', 'PLC'), (21, 4, 22, 29))": [1.4659164097509798, 1.6294115356725953, 0.6590835902490202], "(('Ca2_c', 'CaIM', 'Depolar', 'HTPase'), (4, 25, 11, 3))": [0.9715945488187093, 1.2162681129202237, 0.4950877753493347], "(('Ca2_c', 'CaIM', 'Depolar', 'KEV'), (4, 25, 11, 36))": [1.7984660498927054, 0.9242784445219694, 0.3890339501072946], "(('AnionEM', 'Ca2_c', 'CaIM', 'Depolar'), (18, 4, 25, 11))": [1.0130858587344855, 1.4307214950441867, 0.693869024044208], "(('AKT', 'ERBB1', 'ERBB2', 'cRAF'), (10, 16, 18, 9))": [0.13717861611443807, 2.6145392515557138, 0.2820179027776962], "(('AKT', 'CyclinD1', 'ERK1_2', 'TSC2'), (10, 13, 4, 3))": [0.4356738927963093, 1.4745773602944698, 0.25723516415450565], "(('AKT', 'CyclinD1', 'PRAS', 'cJUN'), (10, 13, 7, 1))": [1.333462712866326, 1.3789111713657134, 0.22108879363881417]}