{"(('APP', 'CD74', 'MIF', 'TNF'), (40, 64, 34, 11))": [1.1800365325772657, 1.507856063692049, 0.1949634674227343], "(('APP', 'CD74', 'IFNGR2', 'MIF'), (40, 64, 71, 34))": [1.3278195311147831, 1.3278195311147833, 0.047180468885216875], "(('ADM', 'FOS', 'PTEN', 'TNF'), (70, 22, 6, 11))": [0.0647312135128155, 2.099212558755322, 0.0366785520446415], "(('IFNGR2', 'IL7', 'MIF', 'TNF'), (71, 75, 34, 11))": [1.1556390622295665, 1.1556390622295665, 0.09436093777043353], "(('IFNGR2', 'IL7', 'PTEN', 'TNF'), (71, 75, 6, 11))": [1.0, 1.0, 0.0], "(('IFNGR2', 'MIF', 'PTEN', 'TNF'), (71, 34, 6, 11))": [1.1556390622295665, 1.1556390622295667, 0.09436093777043353], "(('ALOX5', 'EGR1', 'PTEN', 'TGFBR3'), (57, 89, 6, 88))": [2.0, 0.16864503330850694, 0.0], "(('APP', 'IFNGR2', 'PTEN', 'TNF'), (40, 71, 6, 11))": [1.2743974703476995, 1.5078560636920493, 0.10060252965230054], "(('APP', 'IFNGR2', 'MIF', 'TNF'), (40, 71, 34, 11))": [1.3278195311147831, 1.811278124459133, 0.047180468885216875], "(('APP', 'IFNGR2', 'IL7', 'TNF'), (40, 71, 75, 11))": [1.2743974703476995, 1.5078560636920488, 0.10060252965230054], "(('CCL5', 'FOS', 'ILK', 'MAP2K6'), (51, 22, 1, 0))": [2.0319772910042078, 0.6381223243127148, 0.030522708995792236], "(('CCL5', 'FOS', 'LPL', 'MAP2K6'), (51, 22, 67, 0))": [1.5343729379810107, 0.8741410100352135, 0.2781270620189893], "(('CD70', 'FOS', 'LPL', 'TNF'), (21, 22, 67, 11))": [2.5, 0.16864503330850697, 0.0], "(('FOS', 'LPL', 'NCOR2', 'TNF'), (22, 67, 83, 11))": [2.5, 0.16864503330850697, 0.0], "(('AKAP12', 'FOS', 'LPL', 'TNF'), (20, 22, 67, 11))": [2.5, 0.16864503330850697, 0.0], "(('FOS', 'LPL', 'PTEN', 'TNF'), (22, 67, 6, 11))": [1.830044810775515, 0.14436660240358495, 0.024278430902731962], "(('CD69', 'FOS', 'LPL', 'TNF'), (69, 22, 67, 11))": [2.015988645502104, 0.5074720579703923, 0.16117297533811614], "(('FOS', 'LPL', 'MAP4K4', 'TNF'), (22, 67, 8, 11))": [2.5, 0.16864503330850697, 0.0], "(('DPP4', 'FOS', 'LPL', 'TNF'), (17, 22, 67, 11))": [2.5, 0.16864503330850697, 0.0], "(('FOS', 'LPL', 'NOTCH2', 'TNF'), (22, 67, 32, 11))": [2.5, 0.16864503330850697, 0.0], "(('FOS', 'LPL', 'PRF1', 'TNF'), (22, 67, 68, 11))": [1.830044810775515, 1.144366602403585, 0.024278430904924875], "(('FOS', 'IL7', 'LPL', 'TNF'), (22, 75, 67, 11))": [2.5, 0.16864503330850697, 0.0], "(('FOS', 'LPL', 'SELP', 'TNF'), (22, 67, 77, 11))": [2.015988645502104, 0.5074720579703923, 0.16117297533811614], "(('CASP3', 'FOS', 'LPL', 'TNF'), (84, 22, 67, 11))": [1.9108658257916247, 0.4694074900693702, 0.10487660546870448], "(('FOS', 'LPL', 'RPS6KA5', 'TNF'), (22, 67, 36, 11))": [2.5, 0.16864503330850697, 0.0], "(('FOS', 'LPL', 'MYLK', 'TNF'), (22, 67, 47, 11))": [2.5, 0.16864503330850697, 0.0], "(('FOS', 'LPL', 'NFE2L2', 'TNF'), (22, 67, 27, 11))": [2.015988645502104, 0.5074720579703923, 0.16117297533811614], "(('FOS', 'IFNGR2', 'LPL', 'TNF'), (22, 71, 67, 11))": [2.5, 0.16864503330850697, 0.0], "(('APP', 'FOS', 'LPL', 'TNF'), (40, 22, 67, 11))": [1.8985230838496625, 0.8535721547999452, 0.19792894220057256], "(('FOS', 'LPL', 'MIF', 'TNF'), (22, 67, 34, 11))": [1.9108658257916247, 0.4694074900693702, 0.10487660546870448]}