{"(('NFkB', 'SMAC', 'XIAP', 'cIAP'), (3, 22, 2, 21))": [1.2987949406953987, 1.811278124459133, 0.0], "(('CASP3', 'CASP8', 'NFkB', 'XIAP'), (24, 18, 3, 2))": [0.9414644937856349, 1.8561814952481175, 0.6210355062143651], "(('CASP3', 'NFkB', 'ROS', 'XIAP'), (24, 3, 20, 2))": [1.2781953111478321, 1.3088343733773984, 0.5968046888521679], "(('BCL2', 'CASP3', 'NFkB', 'XIAP'), (6, 24, 3, 2))": [1.6225562489182659, 1.1225562489182657, 0.3774437510817341], "(('CASP3', 'NFkB', 'XIAP', 'cIAP'), (24, 3, 2, 21))": [1.1713511896136644, 1.1713511896136644, 0.5786488103863356], "(('CASP3', 'NFkB', 'XIAP', 'survival'), (24, 3, 2, 12))": [1.6225562489182659, 1.1225562489182657, 0.3774437510817341], "(('CASP3', 'NFkB', 'XIAP', 'cFLIP'), (24, 3, 2, 5))": [1.6225562489182659, 1.1225562489182657, 0.3774437510817341], "(('CASP3', 'NFkB', 'XIAP', 'apoptosis'), (24, 3, 2, 15))": [1.6225562489182659, 1.1225562489182659, 0.3774437510817341], "(('IKK', 'NFkB', 'RIP1ub', 'cIAP'), (13, 3, 4, 21))": [1.811278124459133, 1.2334585933443498, 0.5165414066556502], "(('CASP3', 'NFkB', 'XIAP', 'apoptosome'), (24, 3, 2, 11))": [1.5413774799903406, 0.9635579488755575, 0.442081113354009], "(('Foxp3', 'SMAD2', 'TGFB', 'TGFBR'), (9, 14, 30, 40))": [3.015988645502104, 0.23770619546486427, 0.015261354497896118], "(('GATA3', 'IL4', 'IL4R', 'STAT6'), (38, 20, 6, 5))": [1.6611366650461927, 0.9868551146671942, 0.4208182177325033], "(('Foxp3', 'GATA3', 'RORgt', 'Tbet'), (9, 38, 21, 12))": [1.0408957947296724, 0.7398259463286188, 0.23183752979442684]}