{"Apoptosis Network_19422837-bifan1": 0.09780844767616415, "Apoptosis Network_19422837-fourone1": 0.2849185706784111, "Apoptosis Network_19422837-fourone2": 0.1450626183739181, "Apoptosis Network_19422837-fourtwo1": 0.31576537948354977}