{"CD4+ T cell Differentiation_22871178-bifan1": 0.199555869119715, "CD4+ T cell Differentiation_22871178-bifan2": 0.1660888744886555, "CD4+ T cell Differentiation_22871178-bifan3": 0.25, "CD4+ T cell Differentiation_22871178-bifan4": 0.2918189202404461, "CD4+ T cell Differentiation_22871178-bifan5": 0.1390976555739183, "CD4+ T cell Differentiation_22871178-twoFFL1": 0.3072603911852051, "CD4+ T cell Differentiation_22871178-fourone1": 0.427219770414335, "CD4+ T cell Differentiation_22871178-fourone2": 0.2739039933722691, "CD4+ T cell Differentiation_22871178-fourone3": 0.2811484349189428, "CD4+ T cell Differentiation_22871178-fourone4": 0.2176377785161514, "CD4+ T cell Differentiation_22871178-fourone5": 0.39271368125953643, "CD4+ T cell Differentiation_22871178-fourone6": 0.5961057037733937, "CD4+ T cell Differentiation_22871178-fourone7": 0.4578404105740843, "CD4+ T cell Differentiation_22871178-fourone8": 0.4753157260309594, "CD4+ T cell Differentiation_22871178-fourone9": 0.5168926786024814, "CD4+ T cell Differentiation_22871178-fourone10": 0.47034201640763573, "CD4+ T cell Differentiation_22871178-fourone11": 0.46901541159777904, "CD4+ T cell Differentiation_22871178-fourone12": 0.2847793079771008, "CD4+ T cell Differentiation_22871178-fourone13": 0.4882710327672526, "CD4+ T cell Differentiation_22871178-fourone14": 0.23973686127761273, "CD4+ T cell Differentiation_22871178-fourone15": 0.47034201640763573, "CD4+ T cell Differentiation_22871178-fourone16": 0.473327495699287, "CD4+ T cell Differentiation_22871178-fourone17": 0.3390329328703352, "CD4+ T cell Differentiation_22871178-fourone18": 0.6715667740127544, "CD4+ T cell Differentiation_22871178-fourone19": 0.5853054665823518, "CD4+ T cell Differentiation_22871178-fourone20": 0.5507767962703201, "CD4+ T cell Differentiation_22871178-fourone21": 0.6122649677024914, "CD4+ T cell Differentiation_22871178-fourtwo1": 0.49814871722176646, "CD4+ T cell Differentiation_22871178-fourtwo2": 0.558657471788065, "CD4+ T cell Differentiation_22871178-fourtwo3": 0.45785883264390126, "CD4+ T cell Differentiation_22871178-fiveone1": 0.4699472459599543, "CD4+ T cell Differentiation_22871178-fiveone2": 0.35942229070793186, "CD4+ T cell Differentiation_22871178-fivetwo1": 0.2906744632511584, "CD4+ T cell Differentiation_22871178-fivetwo2": 0.448040427309053, "CD4+ T cell Differentiation_22871178-fivetwo3": 0.3279546277040868, "CD4+ T cell Differentiation_22871178-sixone1": 0.3607627214267979, "CD4+ T cell Differentiation_22871178-sixthree1": 0.7006714936420548, "Cardiac development_23056457-bifan1": 0.12295252445853488, "Cardiac development_23056457-bifan2": 0.2511937582691033, "Cardiac development_23056457-bifan3": 0.15563906222956625, "Cardiac development_23056457-bifan4": 0.15919090665664193, "Cardiac development_23056457-bifan5": 0.0, "Cardiac development_23056457-bifan6": 0.11545199761399738, "Cardiac development_23056457-twoFFL1": 0.0, "Cardiac development_23056457-twoFFL2": 0.21351176441793873, "Cardiac development_23056457-twoFFL3": 0.35374447304584, "Cell Cycle Transcription by Coupled CDK and Network Oscillators_18463633-fourone1": 0.24821403052365154, "Cell Cycle Transcription by Coupled CDK and Network Oscillators_18463633-fourone2": 0.5594921549827845, "Cell Cycle Transcription by Coupled CDK and Network Oscillators_18463633-fourtwo1": 0.3313799957555883, "Cell Cycle Transcription by Coupled CDK and Network Oscillators_18463633-fourtwo2": 0.3313799957555883, "Cell Cycle Transcription by Coupled CDK and Network Oscillators_18463633-fivethree1": 0.5683489956125527}