{"Arabidopsis thaliana Cell Cycle_26340681-bifan1": 0.2072704942778581, "Arabidopsis thaliana Cell Cycle_26340681-bifan2": 0.12341866903764798, "Arabidopsis thaliana Cell Cycle_26340681-bifan3": 0.09228541495208732, "Arabidopsis thaliana Cell Cycle_26340681-bifan4": 0.2890936315657535, "Arabidopsis thaliana Cell Cycle_26340681-bifan5": 0.1918299238887462, "Arabidopsis thaliana Cell Cycle_26340681-bifan6": 0.18972168956974, "Arabidopsis thaliana Cell Cycle_26340681-bifan7": 0.1830046803169954, "Arabidopsis thaliana Cell Cycle_26340681-bifan8": 0.1636891174273668, "Arabidopsis thaliana Cell Cycle_26340681-bifan9": 0.17843567760714757, "Arabidopsis thaliana Cell Cycle_26340681-bifan10": 0.07928276354474424, "Arabidopsis thaliana Cell Cycle_26340681-bifan11": 0.10004485707142641, "Arabidopsis thaliana Cell Cycle_26340681-bifan12": 0.13535693063515541, "Arabidopsis thaliana Cell Cycle_26340681-bifan13": 0.17136798801777606, "Arabidopsis thaliana Cell Cycle_26340681-twoFFL1": 0.3470957215878245, "Arabidopsis thaliana Cell Cycle_26340681-twoFFL2": 0.31083299164316236, "Arabidopsis thaliana Cell Cycle_26340681-twoFFL3": 0.15640924811258827, "Arabidopsis thaliana Cell Cycle_26340681-twoFFL4": 0.48221991447669377, "Arabidopsis thaliana Cell Cycle_26340681-twoFFL5": 0.41126839066394066, "Arabidopsis thaliana Cell Cycle_26340681-twoFFL6": 0.3571464240252651, "Arabidopsis thaliana Cell Cycle_26340681-twoFFL7": 0.30631101453686216, "Arabidopsis thaliana Cell Cycle_26340681-twoFFL8": 0.4308651430374519, "Arabidopsis thaliana Cell Cycle_26340681-twoFFL9": 0.2120839533628529, "Arabidopsis thaliana Cell Cycle_26340681-twoFFL10": 0.3140871356240363, "Arabidopsis thaliana Cell Cycle_26340681-twoFFL11": 0.2765874390387033, "Arabidopsis thaliana Cell Cycle_26340681-twoFFL12": 0.14776232568945025, "Arabidopsis thaliana Cell Cycle_26340681-twoFFL13": 0.29809505707420725, "Arabidopsis thaliana Cell Cycle_26340681-twoFFL14": 0.3598958399474862, "Arabidopsis thaliana Cell Cycle_26340681-twoFFL15": 0.27141569350994765, "Arabidopsis thaliana Cell Cycle_26340681-twoFFL16": 0.2688112042344909, "Arabidopsis thaliana Cell Cycle_26340681-twoFFL17": 0.2298684452676679, "Arabidopsis thaliana Cell Cycle_26340681-twoFFL18": 0.32045505791804496, "Arabidopsis thaliana Cell Cycle_26340681-twoFFL19": 0.42537455661418755, "Arabidopsis thaliana Cell Cycle_26340681-twoFFL20": 0.191761554955568, "Arabidopsis thaliana Cell Cycle_26340681-twoFFL21": 0.18830723590509257, "Arabidopsis thaliana Cell Cycle_26340681-twoFFL22": 0.366864279345339, "Arabidopsis thaliana Cell Cycle_26340681-twoFFL23": 0.4032250029997073, "Arabidopsis thaliana Cell Cycle_26340681-twoFFL24": 0.38536565625149155, "Arabidopsis thaliana Cell Cycle_26340681-twoFFL25": 0.28598913449539576, "Arabidopsis thaliana Cell Cycle_26340681-twoFFL26": 0.3162860027219091, "Arabidopsis thaliana Cell Cycle_26340681-twoFFL27": 0.2428609692252257, "Arabidopsis thaliana Cell Cycle_26340681-twoFFL28": 0.4260669040189667, "Arabidopsis thaliana Cell Cycle_26340681-twoFFL29": 0.35708790045030414, "Arabidopsis thaliana Cell Cycle_26340681-twoFFL30": 0.321012477043237, "Arabidopsis thaliana Cell Cycle_26340681-twoFFL31": 0.28860912721240417, "Arabidopsis thaliana Cell Cycle_26340681-twoFFL32": 0.2243485225620474, "Arabidopsis thaliana Cell Cycle_26340681-twoFFL33": 0.46763450832948267, "Arabidopsis thaliana Cell Cycle_26340681-twoFFL34": 0.32861530795309724, "Arabidopsis thaliana Cell Cycle_26340681-twoFFL35": 0.2789212992623646, "Arabidopsis thaliana Cell Cycle_26340681-twoFFL36": 0.29982826098543613, "Arabidopsis thaliana Cell Cycle_26340681-twoFFL37": 0.3815948340623315, "Arabidopsis thaliana Cell Cycle_26340681-twoFFL38": 0.29127068147054347, "Arabidopsis thaliana Cell Cycle_26340681-fourone1": 0.5502045054489922, "Arabidopsis thaliana Cell Cycle_26340681-fourone2": 0.6016274850439716, "Arabidopsis thaliana Cell Cycle_26340681-fourone3": 0.6103761166157013, "Arabidopsis thaliana Cell Cycle_26340681-fourone4": 0.5411217679643536, "Arabidopsis thaliana Cell Cycle_26340681-fourone5": 0.5862670075456926, "Arabidopsis thaliana Cell Cycle_26340681-fourone6": 0.4765707662624237, "Arabidopsis thaliana Cell Cycle_26340681-fourone7": 0.5424617759239556, "Arabidopsis thaliana Cell Cycle_26340681-fourone8": 0.621659022605938, "Arabidopsis thaliana Cell Cycle_26340681-fourone9": 0.6196762879922019, "Arabidopsis thaliana Cell Cycle_26340681-fourone10": 0.5945402753455082, "Arabidopsis thaliana Cell Cycle_26340681-fourone11": 0.6236443424853351, "Arabidopsis thaliana Cell Cycle_26340681-fourtwo1": 0.4884534295427163, "Arabidopsis thaliana Cell Cycle_26340681-fourtwo2": 0.2597101000396209, "Arabidopsis thaliana Cell Cycle_26340681-fourtwo3": 0.9037320019788988, "Arabidopsis thaliana Cell Cycle_26340681-fourtwo4": 0.4280199408564318, "Arabidopsis thaliana Cell Cycle_26340681-fourtwo5": 0.7882198792039559, "Arabidopsis thaliana Cell Cycle_26340681-fiveone1": 0.48833210613780786, "Arabidopsis thaliana Cell Cycle_26340681-fiveone2": 0.4435113017406749, "Arabidopsis thaliana Cell Cycle_26340681-fiveone3": 0.43854725342808853, "Arabidopsis thaliana Cell Cycle_26340681-fiveone4": 0.25426819468913653, "Arabidopsis thaliana Cell Cycle_26340681-fiveone5": 0.4233727425018611, "Arabidopsis thaliana Cell Cycle_26340681-fivetwo1": 0.4583469579915347, "Arabidopsis thaliana Cell Cycle_26340681-fivetwo2": 0.7435676037231125, "Arabidopsis thaliana Cell Cycle_26340681-fivetwo3": 0.7238348748327423, "Arabidopsis thaliana Cell Cycle_26340681-fivetwo4": 0.7908904863180877, "Arabidopsis thaliana Cell Cycle_26340681-sixone1": 0.4329898454489154, "Arabidopsis thaliana Cell Cycle_26340681-sixtwo1": 0.43191338557886416, "Arabidopsis thaliana Cell Cycle_26340681-sixfour1": 0.7254438570503933, "Arabidopsis thaliana Cell Cycle_26340681-sevenone1": 0.48607005672816, "Arabidopsis thaliana Cell Cycle_26340681-sevenone2": 0.46445151635561055, "Arabidopsis thaliana Cell Cycle_26340681-sevenone3": 0.46381372345517247, "Arabidopsis thaliana Cell Cycle_26340681-seventwo1": 0.5096541373308042, "Arabidopsis thaliana Cell Cycle_26340681-seventwo2": 0.6954412281935691, "Arabidopsis thaliana Cell Cycle_26340681-seventhree1": 0.5021855361714286, "Arabidopsis thaliana Cell Cycle_26340681-eightone1": 0.5087901745884325, "Arabidopsis thaliana Cell Cycle_26340681-eightone2": 0.5434722534526799, "Arabidopsis thaliana Cell Cycle_26340681-eightone3": 0.44279156836417466, "Arabidopsis thaliana Cell Cycle_26340681-eightone4": 0.6212503533530325, "Arabidopsis thaliana Cell Cycle_26340681-eightone5": 0.49208549460123274, "Aurora Kinase A in Neuroblastoma_26616283-bifan1": 0.25264790266380377, "Aurora Kinase A in Neuroblastoma_26616283-fourone1": 0.24589771625340795, "Aurora Kinase A in Neuroblastoma_26616283-fourone2": 0.42254765852629683, "Aurora Kinase A in Neuroblastoma_26616283-fourone3": 0.42799396255053535, "Aurora Kinase A in Neuroblastoma_26616283-fourone4": 0.17829465007361067, "Aurora Kinase A in Neuroblastoma_26616283-fourone5": 0.299266392970132, "Aurora Kinase A in Neuroblastoma_26616283-fourone6": 0.4334810605967194, "Aurora Kinase A in Neuroblastoma_26616283-fourone7": 0.18872187554086706, "Aurora Kinase A in Neuroblastoma_26616283-fivetwo1": 0.38047604395518353, "Aurora Kinase A in Neuroblastoma_26616283-fivetwo2": 0.3128729777753865, "Aurora Kinase A in Neuroblastoma_26616283-fivetwo3": 0.3640079100878837,