{"Guard Cell Abscisic Acid Signaling_16968132-bifan1": 0.28932440519316843, "Guard Cell Abscisic Acid Signaling_16968132-bifan2": 0.2653195311147832, "Guard Cell Abscisic Acid Signaling_16968132-bifan3": 0.3278195311147848, "Guard Cell Abscisic Acid Signaling_16968132-bifan4": 0.21936093777043353, "Guard Cell Abscisic Acid Signaling_16968132-bifan5": 0.3278195311147839, "Guard Cell Abscisic Acid Signaling_16968132-bifan6": 0.2653195311147832, "Guard Cell Abscisic Acid Signaling_16968132-twoFFL1": 0.3848156568045187, "Guard Cell Abscisic Acid Signaling_16968132-fourone1": 0.3100027878144942, "Guard Cell Abscisic Acid Signaling_16968132-fourone2": 0.25355221711161846, "Guard Cell Abscisic Acid Signaling_16968132-fourone3": 0.35928787261590234, "Guard Cell Abscisic Acid Signaling_16968132-fourone4": 0.2838179478626035, "Guard Cell Abscisic Acid Signaling_16968132-fourone5": 0.43357323392498937, "Guard Cell Abscisic Acid Signaling_16968132-fourone6": 0.5540115772209204, "Guard Cell Abscisic Acid Signaling_16968132-fourone7": 0.2473503191567017, "Guard Cell Abscisic Acid Signaling_16968132-fourone8": 0.5604930618403872, "Guard Cell Abscisic Acid Signaling_16968132-fourtwo1": 0.6590835902490202, "Guard Cell Abscisic Acid Signaling_16968132-fivetwo1": 0.4950877753493347, "Guard Cell Abscisic Acid Signaling_16968132-fivetwo2": 0.3890339501072946, "Guard Cell Abscisic Acid Signaling_16968132-fivetwo3": 0.693869024044208, "HCC1954 Breast Cell Line Long-term ErbB Network_24970389-bifan1": 0.2820179027776962, "HCC1954 Breast Cell Line Long-term ErbB Network_24970389-bifan2": 0.25723516415450565, "HCC1954 Breast Cell Line Long-term ErbB Network_24970389-bifan3": 0.22108879363881417}