{"Apoptosis Network_19422837-bifan1": 0.3078306145534028, "Apoptosis Network_19422837-fourone1": 0.2150814293215889, "Apoptosis Network_19422837-fourone2": 1.104937381626082, "Apoptosis Network_19422837-fourtwo1": 1.1842346205164502}