{"CD4+ T cell Differentiation_22871178-bifan1": 0.04150161289562289, "CD4+ T cell Differentiation_22871178-bifan2": 1.0230982447715218, "CD4+ T cell Differentiation_22871178-bifan3": 0.75, "CD4+ T cell Differentiation_22871178-bifan4": 0.6153562199555477, "CD4+ T cell Differentiation_22871178-bifan5": 0.8443609377704335, "CD4+ T cell Differentiation_22871178-twoFFL1": 0.607767639070333, "CD4+ T cell Differentiation_22871178-fourone1": 1.041530229585665, "CD4+ T cell Differentiation_22871178-fourone2": 0.9786634977198163, "CD4+ T cell Differentiation_22871178-fourone3": 1.1282191979507061, "CD4+ T cell Differentiation_22871178-fourone4": 1.3292372214838486, "CD4+ T cell Differentiation_22871178-fourone5": 1.4822863187404636, "CD4+ T cell Differentiation_22871178-fourone6": 1.2788942962266063, "CD4+ T cell Differentiation_22871178-fourone7": 0.6359095894259157, "CD4+ T cell Differentiation_22871178-fourone8": 0.7434342739690406, "CD4+ T cell Differentiation_22871178-fourone9": 0.6549823213975186, "CD4+ T cell Differentiation_22871178-fourone10": 0.8734079835923643, "CD4+ T cell Differentiation_22871178-fourone11": 0.874734588402221, "CD4+ T cell Differentiation_22871178-fourone12": 0.9781702079771517, "CD4+ T cell Differentiation_22871178-fourone13": 0.8134676879274199, "CD4+ T cell Differentiation_22871178-fourone14": 0.8790231798104708, "CD4+ T cell Differentiation_22871178-fourone15": 0.8734079835923643, "CD4+ T cell Differentiation_22871178-fourone16": 0.745422504300713, "CD4+ T cell Differentiation_22871178-fourone17": 1.4519445085190128, "CD4+ T cell Differentiation_22871178-fourone18": 1.2034332259872456, "CD4+ T cell Differentiation_22871178-fourone19": 1.2896945334176482, "CD4+ T cell Differentiation_22871178-fourone20": 0.6679732037296799, "CD4+ T cell Differentiation_22871178-fourone21": 1.4287124736868566, "CD4+ T cell Differentiation_22871178-fourtwo1": 1.7831012827782335, "CD4+ T cell Differentiation_22871178-fourtwo2": 0.545336888559272, "CD4+ T cell Differentiation_22871178-fourtwo3": 1.6358911673560987, "CD4+ T cell Differentiation_22871178-fiveone1": 0.9067226979564744, "CD4+ T cell Differentiation_22871178-fiveone2": 1.3713576763542783, "CD4+ T cell Differentiation_22871178-fivetwo1": 1.3499505367488416, "CD4+ T cell Differentiation_22871178-fivetwo2": 1.6778053729820386, "CD4+ T cell Differentiation_22871178-fivetwo3": 1.4737840929905872, "CD4+ T cell Differentiation_22871178-sixone1": 1.3721907171710113, "CD4+ T cell Differentiation_22871178-sixthree1": 1.0079131893700548, "Cardiac development_23056457-bifan1": 0.7388106812910664, "Cardiac development_23056457-bifan2": 0.51354738283672, "Cardiac development_23056457-bifan3": 1.0, "Cardiac development_23056457-bifan4": 1.1624255969622728, "Cardiac development_23056457-bifan5": 1.5, "Cardiac development_23056457-bifan6": 1.0149873576688302, "Cardiac development_23056457-twoFFL1": 1.5, "Cardiac development_23056457-twoFFL2": 1.0989882355820613, "Cardiac development_23056457-twoFFL3": 0.6482454578544085, "Cell Cycle Transcription by Coupled CDK and Network Oscillators_18463633-fourone1": 1.3767859694763485, "Cell Cycle Transcription by Coupled CDK and Network Oscillators_18463633-fourone2": 1.5655078450172155, "Cell Cycle Transcription by Coupled CDK and Network Oscillators_18463633-fourtwo1": 1.4186200042444117, "Cell Cycle Transcription by Coupled CDK and Network Oscillators_18463633-fourtwo2": 1.4186200042444117, "Cell Cycle Transcription by Coupled CDK and Network Oscillators_18463633-fivethree1": 1.6344705355022304}