{"Death Receptor Signaling_20221256-bifan1": 1.2987949406953987, "Death Receptor Signaling_20221256-fourone1": 0.9414644937856349, "Death Receptor Signaling_20221256-fourone2": 1.2781953111478321, "Death Receptor Signaling_20221256-fourone3": 1.6225562489182659, "Death Receptor Signaling_20221256-fourone4": 1.1713511896136644, "Death Receptor Signaling_20221256-fourone5": 1.6225562489182659, "Death Receptor Signaling_20221256-fourone6": 1.6225562489182659, "Death Receptor Signaling_20221256-fourone7": 1.6225562489182659, "Death Receptor Signaling_20221256-fourtwo1": 1.811278124459133, "Death Receptor Signaling_20221256-fivetwo1": 1.5413774799903406, "Differentiation of T lymphocytes_23743337-fourtwo1": 3.015988645502104, "Differentiation of T lymphocytes_23743337-fourtwo2": 1.6611366650461927, "Differentiation of T lymphocytes_23743337-twelve1": 1.0408957947296724}