{"Arabidopsis thaliana Cell Cycle_26340681-bifan1": 0.06498043336355559, "Arabidopsis thaliana Cell Cycle_26340681-bifan2": 1.003343537909092, "Arabidopsis thaliana Cell Cycle_26340681-bifan3": 0.03447679199465216, "Arabidopsis thaliana Cell Cycle_26340681-bifan4": 0.4732771202437043, "Arabidopsis thaliana Cell Cycle_26340681-bifan5": 0.7630572830579936, "Arabidopsis thaliana Cell Cycle_26340681-bifan6": 0.84417162085037, "Arabidopsis thaliana Cell Cycle_26340681-bifan7": 0.14688252662974427, "Arabidopsis thaliana Cell Cycle_26340681-bifan8": 0.035453265351329186, "Arabidopsis thaliana Cell Cycle_26340681-bifan9": 0.020706705171548212, "Arabidopsis thaliana Cell Cycle_26340681-bifan10": 0.008569677844603654, "Arabidopsis thaliana Cell Cycle_26340681-bifan11": 0.3704673498753136, "Arabidopsis thaliana Cell Cycle_26340681-bifan12": 0.027518997006258365, "Arabidopsis thaliana Cell Cycle_26340681-bifan13": 0.051211894760919724, "Arabidopsis thaliana Cell Cycle_26340681-twoFFL1": 0.3846946836222303, "Arabidopsis thaliana Cell Cycle_26340681-twoFFL2": 0.3648718911355334, "Arabidopsis thaliana Cell Cycle_26340681-twoFFL3": 1.1323477830021957, "Arabidopsis thaliana Cell Cycle_26340681-twoFFL4": 0.131272785596079, "Arabidopsis thaliana Cell Cycle_26340681-twoFFL5": 0.3771244559354619, "Arabidopsis thaliana Cell Cycle_26340681-twoFFL6": 0.5168784536889216, "Arabidopsis thaliana Cell Cycle_26340681-twoFFL7": 0.7405639854631378, "Arabidopsis thaliana Cell Cycle_26340681-twoFFL8": 0.18262755703532113, "Arabidopsis thaliana Cell Cycle_26340681-twoFFL9": 1.141240753583887, "Arabidopsis thaliana Cell Cycle_26340681-twoFFL10": 0.3352314678493335, "Arabidopsis thaliana Cell Cycle_26340681-twoFFL11": 0.2702875609612967, "Arabidopsis thaliana Cell Cycle_26340681-twoFFL12": 1.1527134554253333, "Arabidopsis thaliana Cell Cycle_26340681-twoFFL13": 0.10940023091454379, "Arabidopsis thaliana Cell Cycle_26340681-twoFFL14": 0.5751252902989553, "Arabidopsis thaliana Cell Cycle_26340681-twoFFL15": 0.8515166306580964, "Arabidopsis thaliana Cell Cycle_26340681-twoFFL16": 0.3239049578495309, "Arabidopsis thaliana Cell Cycle_26340681-twoFFL17": 0.08159771681635405, "Arabidopsis thaliana Cell Cycle_26340681-twoFFL18": 1.105249824860651, "Arabidopsis thaliana Cell Cycle_26340681-twoFFL19": 0.9583190468591825, "Arabidopsis thaliana Cell Cycle_26340681-twoFFL20": 0.0523408864337799, "Arabidopsis thaliana Cell Cycle_26340681-twoFFL21": 0.8812415918818672, "Arabidopsis thaliana Cell Cycle_26340681-twoFFL22": 0.1486079862120528, "Arabidopsis thaliana Cell Cycle_26340681-twoFFL23": 0.6097390349890437, "Arabidopsis thaliana Cell Cycle_26340681-twoFFL24": 0.07880844034791125, "Arabidopsis thaliana Cell Cycle_26340681-twoFFL25": 0.7981685069667253, "Arabidopsis thaliana Cell Cycle_26340681-twoFFL26": 0.09120928526684166, "Arabidopsis thaliana Cell Cycle_26340681-twoFFL27": 1.3040140307747743, "Arabidopsis thaliana Cell Cycle_26340681-twoFFL28": 0.204525185706469, "Arabidopsis thaliana Cell Cycle_26340681-twoFFL29": 0.5335370995496959, "Arabidopsis thaliana Cell Cycle_26340681-twoFFL30": 0.7540110092088288, "Arabidopsis thaliana Cell Cycle_26340681-twoFFL31": 0.3968231969556397, "Arabidopsis thaliana Cell Cycle_26340681-twoFFL32": 1.0173807741101273, "Arabidopsis thaliana Cell Cycle_26340681-twoFFL33": 0.389672815838561, "Arabidopsis thaliana Cell Cycle_26340681-twoFFL34": 0.18095939899364255, "Arabidopsis thaliana Cell Cycle_26340681-twoFFL35": 0.1725002094210601, "Arabidopsis thaliana Cell Cycle_26340681-twoFFL36": 1.2079842390145639, "Arabidopsis thaliana Cell Cycle_26340681-twoFFL37": 0.5466182762850055, "Arabidopsis thaliana Cell Cycle_26340681-twoFFL38": 0.7780079806134785, "Arabidopsis thaliana Cell Cycle_26340681-fourone1": 0.6137052601083998, "Arabidopsis thaliana Cell Cycle_26340681-fourone2": 0.9322658253761384, "Arabidopsis thaliana Cell Cycle_26340681-fourone3": 0.43494268032974376, "Arabidopsis thaliana Cell Cycle_26340681-fourone4": 0.5759129975930384, "Arabidopsis thaliana Cell Cycle_26340681-fourone5": 0.41696821134330647, "Arabidopsis thaliana Cell Cycle_26340681-fourone6": 1.0828277199896423, "Arabidopsis thaliana Cell Cycle_26340681-fourone7": 0.5745729896334364, "Arabidopsis thaliana Cell Cycle_26340681-fourone8": 0.4499737548937138, "Arabidopsis thaliana Cell Cycle_26340681-fourone9": 0.6145459775651901, "Arabidopsis thaliana Cell Cycle_26340681-fourone10": 0.9784155350746018, "Arabidopsis thaliana Cell Cycle_26340681-fourone11": 1.1652654230720567, "Arabidopsis thaliana Cell Cycle_26340681-fourtwo1": 0.9469788946253277, "Arabidopsis thaliana Cell Cycle_26340681-fourtwo2": 1.584039899960379, "Arabidopsis thaliana Cell Cycle_26340681-fourtwo3": 0.6211703730229929, "Arabidopsis thaliana Cell Cycle_26340681-fourtwo4": 1.3532300591435682, "Arabidopsis thaliana Cell Cycle_26340681-fourtwo5": 1.1256898863534361, "Arabidopsis thaliana Cell Cycle_26340681-fiveone1": 0.7510606929412027, "Arabidopsis thaliana Cell Cycle_26340681-fiveone2": 0.5248568621528051, "Arabidopsis thaliana Cell Cycle_26340681-fiveone3": 0.6796535819225658, "Arabidopsis thaliana Cell Cycle_26340681-fiveone4": 1.1148342467002115, "Arabidopsis thaliana Cell Cycle_26340681-fiveone5": 0.4999002799294979, "Arabidopsis thaliana Cell Cycle_26340681-fivetwo1": 2.2695195456273796, "Arabidopsis thaliana Cell Cycle_26340681-fivetwo2": 1.3422171618342795, "Arabidopsis thaliana Cell Cycle_26340681-fivetwo3": 1.0194608269617986, "Arabidopsis thaliana Cell Cycle_26340681-fivetwo4": 0.9058868886838041, "Arabidopsis thaliana Cell Cycle_26340681-sixone1": 1.234708832963362, "Arabidopsis thaliana Cell Cycle_26340681-sixtwo1": 1.0863166133467033, "Arabidopsis thaliana Cell Cycle_26340681-sixfour1": 0.7391707912856947, "Arabidopsis thaliana Cell Cycle_26340681-sevenone1": 0.32050646968395197, "Arabidopsis thaliana Cell Cycle_26340681-sevenone2": 0.5945098609976173, "Arabidopsis thaliana Cell Cycle_26340681-sevenone3": 1.270293302415062, "Arabidopsis thaliana Cell Cycle_26340681-seventwo1": 0.3686411748987636, "Arabidopsis thaliana Cell Cycle_26340681-seventwo2": 0.7261283029212149, "Arabidopsis thaliana Cell Cycle_26340681-seventhree1": 0.7952573076187651, "Arabidopsis thaliana Cell Cycle_26340681-eightone1": 0.817468333642628, "Arabidopsis thaliana Cell Cycle_26340681-eightone2": 0.9227378133932569, "Arabidopsis thaliana Cell Cycle_26340681-eightone3": 0.7352330555641168, "Arabidopsis thaliana Cell Cycle_26340681-eightone4": 0.9454931329023113, "Arabidopsis thaliana Cell Cycle_26340681-eightone5": 0.8592361348584991, "Aurora Kinase A in Neuroblastoma_26616283-bifan1": 0.9501716284509798, "Aurora Kinase A in Neuroblastoma_26616283-fourone1": 1.050977283746592, "Aurora Kinase A in Neuroblastoma_26616283-fourone2": 1.436621744512902, "Aurora Kinase A in Neuroblastoma_26616283-fourone3": 1.4782560374494647, "Aurora Kinase A in Neuroblastoma_26616283-fourone4": 2.0560803499263893, "Aurora Kinase A in Neuroblastoma_26616283-fourone5": 1.3827237376377062, "Aurora Kinase A in Neuroblastoma_26616283-fourone6": 1.6915189394032806, "Aurora Kinase A in Neuroblastoma_26616283-fourone7": 2.311278124459133, "Aurora Kinase A in Neuroblastoma_26616283-fivetwo1": 1.1038989560448165, "Aurora Kinase A in Neuroblastoma_26616283-fivetwo2": 2.1090020222246135, "Aurora Kinase A in Neuroblastoma_26616283-fivetwo3": 1.7179469726908123,