{"FA BRCA pathway_22267503-bifan1": 0.2766024027779019, "FA BRCA pathway_22267503-bifan2": 0.293555838554999, "FA BRCA pathway_22267503-bifan3": 0.2766024027779019, "FA BRCA pathway_22267503-bifan4": 0.21718316545305977, "FA BRCA pathway_22267503-bifan5": 0.32583939531704464, "FA BRCA pathway_22267503-bifan6": 0.13499662835304782, "FA BRCA pathway_22267503-bifan7": 0.0933632564365291, "FA BRCA pathway_22267503-bifan8": 0.13499662835304782, "FA BRCA pathway_22267503-bifan9": 0.31047993259642337, "FA BRCA pathway_22267503-bifan10": 0.13499662835304782, "FA BRCA pathway_22267503-bifan11": 0.11305958524480636, "FA BRCA pathway_22267503-bifan12": 0.11613750676919825, "FA BRCA pathway_22267503-bifan13": 0.293555838554999, "FA BRCA pathway_22267503-bifan14": 0.19516103901118922, "FA BRCA pathway_22267503-bifan15": 0.4547488284684644, "FA BRCA pathway_22267503-bifan16": 0.2085812410457448, "FA BRCA pathway_22267503-bifan17": 1.1941365844875373, "FA BRCA pathway_22267503-bifan18": 0.20338641893720477, "FA BRCA pathway_22267503-bifan19": 0.3935083992806203, "FA BRCA pathway_22267503-bifan20": 0.18257569931493767, "FA BRCA pathway_22267503-bifan21": 0.15213135268870576, "FA BRCA pathway_22267503-bifan22": 0.11613750676919825, "FA BRCA pathway_22267503-twoFFL1": 0.7523677452788903, "FA BRCA pathway_22267503-twoFFL2": 0.9815123725553272, "FA BRCA pathway_22267503-twoFFL3": 0.8416360133796551, "FA BRCA pathway_22267503-twoFFL4": 0.8416360133796551, "FA BRCA pathway_22267503-twoFFL5": 0.13737890318268786, "FA BRCA pathway_22267503-twoFFL6": 0.9675324118496361, "FA BRCA pathway_22267503-twoFFL7": 0.7523677452788903, "FA BRCA pathway_22267503-twoFFL8": 0.8728630912736202, "FA BRCA pathway_22267503-twoFFL9": 0.36242527165495175, "FA BRCA pathway_22267503-twoFFL10": 0.9229283570237088, "FA BRCA pathway_22267503-twoFFL11": 1.4529582719465846, "FA BRCA pathway_22267503-twoFFL12": 0.5249074347102942, "FA BRCA pathway_22267503-twoFFL13": 0.9693923546679291, "FA BRCA pathway_22267503-twoFFL14": 0.9229283570237088, "FA BRCA pathway_22267503-twoFFL15": 0.7858270893504384, "FA BRCA pathway_22267503-twoFFL16": 0.8340903860495084, "FA BRCA pathway_22267503-twoFFL17": 0.8501328247009838, "FA BRCA pathway_22267503-twoFFL18": 0.667545744119663, "FA BRCA pathway_22267503-twoFFL19": 0.3624252716549518, "FA BRCA pathway_22267503-twoFFL20": 0.9338507200150441, "FA BRCA pathway_22267503-twoFFL21": 1.0002254035791847, "FA BRCA pathway_22267503-twoFFL22": 0.9815123725553272, "FA BRCA pathway_22267503-twoFFL23": 0.9693923546679291, "FA BRCA pathway_22267503-twoFFL24": 1.2392726506750429, "FA BRCA pathway_22267503-twoFFL25": 0.9203226047020565, "FA BRCA pathway_22267503-twoFFL26": 0.33689879797964173, "FA BRCA pathway_22267503-twoFFL27": 0.6877533545306216, "FA BRCA pathway_22267503-twoFFL28": 0.37986747885858557, "FA BRCA pathway_22267503-twoFFL29": 1.017294591583977, "FA BRCA pathway_22267503-twoFFL30": 1.1797229709540953, "FA BRCA pathway_22267503-twoFFL31": 0.15306612922585022, "FA BRCA pathway_22267503-twoFFL32": 0.8877240097411602, "FA BRCA pathway_22267503-twoFFL33": 0.9693923546679291, "FA BRCA pathway_22267503-twoFFL34": 0.8416360133796551, "FA BRCA pathway_22267503-twoFFL35": 0.9675324118496361, "FA BRCA pathway_22267503-twoFFL36": 0.8398960972224424, "FA BRCA pathway_22267503-twoFFL37": 1.207721256631451, "FA BRCA pathway_22267503-twoFFL38": 0.8688599788183418, "FA BRCA pathway_22267503-twoFFL39": 0.835940311736209, "FA BRCA pathway_22267503-twoFFL40": 0.9344178311311784, "FA BRCA pathway_22267503-twoFFL41": 0.950480113872884, "FA BRCA pathway_22267503-twoFFL42": 0.22816716060796485, "FA BRCA pathway_22267503-twoFFL43": 0.9037616150262857, "FA BRCA pathway_22267503-twoFFL44": 1.179722970954095, "FA BRCA pathway_22267503-twoFFL45": 1.2392726506750429, "FA BRCA pathway_22267503-twoFFL46": 1.4592762677942754, "FA BRCA pathway_22267503-twoFFL47": 0.8501328247009838, "FA BRCA pathway_22267503-twoFFL48": 0.8491845481416643, "FA BRCA pathway_22267503-twoFFL49": 0.6877533545306215, "FA BRCA pathway_22267503-twoFFL50": 1.207721256631451, "FA BRCA pathway_22267503-twoFFL51": 0.950480113872884, "FA BRCA pathway_22267503-twoFFL52": 0.9227630047040916, "FA BRCA pathway_22267503-fourone1": 1.1153554053116022, "FA BRCA pathway_22267503-fourone2": 0.12232175221486555, "FA BRCA pathway_22267503-fourone3": 0.28790897590448006, "FA BRCA pathway_22267503-fourone4": 0.02675812017341669, "FA BRCA pathway_22267503-fourone5": 0.7259609316752609, "FA BRCA pathway_22267503-fourone6": 0.2336640638097714, "FA BRCA pathway_22267503-fourone7": 0.6150293946211942, "FA BRCA pathway_22267503-fourone8": 1.1353943095893615, "FA BRCA pathway_22267503-fourone9": 0.34565477537390876, "FA BRCA pathway_22267503-fourone10": 0.8251531943179761, "FA BRCA pathway_22267503-fourone11": 0.3596540417591224, "FA BRCA pathway_22267503-fourone12": 0.480097782231116, "FA BRCA pathway_22267503-fourone13": 0.33479034331998425, "FA BRCA pathway_22267503-fourone14": 0.3350702779609443, "FA BRCA pathway_22267503-fourone15": 0.028815597094443684, "FA BRCA pathway_22267503-fourone16": 0.1373080473363865, "FA BRCA pathway_22267503-fourone17": 0.7259609316752609, "FA BRCA pathway_22267503-fourone18": 0.07449537543046253, "FA BRCA pathway_22267503-fourone19": 0.46404928303758064, "FA BRCA pathway_22267503-fourone20": 0.2629006093475534, "FA BRCA pathway_22267503-fourone21": 0.12232175221486555, "FA BRCA pathway_22267503-fourone22": 0.054950872591675956, "FA BRCA pathway_22267503-fourone23": 0.15285070314075194, "FA BRCA pathway_22267503-fourone24": 0.27732182953110285, "FA BRCA pathway_22267503-fourone25": 0.4682622839165761, "FA BRCA pathway_22267503-fourone26": 0.48009778223111593, "FA BRCA pathway_22267503-fourone27": 0.4879483467997671, "FA BRCA pathway_22267503-fourone28": 0.2383764590979412, "FA BRCA pathway_22267503-fourone29": 0.8051344680280195, "FA BRCA pathway_22267503-fourone30": 0.46308997319757156, "FA BRCA pathway_22267503-fourone31": 0.5875621764778692, "FA BRCA pathway_22267503-fourtwo1": 0.28966106202908215, "FA BRCA pathway_22267503-fourtwo2": 0.1787236683243919, "FA BRCA pathway_22267503-fourtwo3": 1.0281723378804957, "FA BRCA pathway_22267503-fourtwo4": 0.3489178620090384, "FA BRCA pathway_22267503-fourtwo5": 0.6801402328164224, "FA BRCA pathway_22267503-fourtwo6": 1.1239468585740968, "FA BRCA pathway_22267503-fourtwo7": 0.1380537800970844, "FA BRCA pathway_22267503-fourtwo8": 0.517123635139018, "FA BRCA pathway_22267503-fourtwo9": 1.8227402477301515, "FA BRCA pathway_22267503-fourtwo10": 0.34233604996077616, "FA BRCA pathway_22267503-fourtwo11": 2.0251050813049147, "FA BRCA pathway_22267503-fourtwo12": 1.3551183078221056, "FA BRCA pathway_22267503-fourtwo13": 1.1810584532792872, "FA BRCA pathway_22267503-fiveone1": 0.15840210170804706, "FA BRCA pathway_22267503-fiveone2": 0.35515641995742886, "FA BRCA pathway_22267503-fiveone3": 1.3824414654559436, "FA BRCA pathway_22267503-fiveone4": 0.3387451757619547, "FA BRCA pathway_22267503-fiveone5": 0.420355529428975, "FA BRCA pathway_22267503-fiveone6": 0.8265562966136513, "FA BRCA pathway_22267503-fiveone7": 0.2836467821975937, "FA BRCA pathway_22267503-fiveone8": 0.6252155304096569, "FA BRCA pathway_22267503-fiveone9": 0.29620828707783775, "FA BRCA pathway_22267503-fiveone10": 0.5822913639143029, "FA BRCA pathway_22267503-fiveone11": 0.2997951520890356, "FA BRCA pathway_22267503-fiveone12": 0.39815079319857627, "FA BRCA pathway_22267503-fiveone13": 0.6628224279689066, "FA BRCA pathway_22267503-fiveone14": 0.8265562966136513, "FA BRCA pathway_22267503-fiveone15": 0.5259720611941339, "FA BRCA pathway_22267503-fiveone16": 0.7010581183907236, "FA BRCA pathway_22267503-fiveone17": 0.23463810144753797, "FA BRCA pathway_22267503-fiveone18": 0.5719374648886821, "FA BRCA pathway_22267503-fiveone19": 0.5942145873747748, "FA BRCA pathway_22267503-fiveone20": 0.3897597545350586, "FA BRCA pathway_22267503-fiveone21": 0.6649268240328535,