{"Guard Cell Abscisic Acid Signaling_16968132-bifan1": 0.4913146570363985, "Guard Cell Abscisic Acid Signaling_16968132-bifan2": 0.3278195311147832, "Guard Cell Abscisic Acid Signaling_16968132-bifan3": 0.6556390622295665, "Guard Cell Abscisic Acid Signaling_16968132-bifan4": 0.5612781244591327, "Guard Cell Abscisic Acid Signaling_16968132-bifan5": 0.6556390622295664, "Guard Cell Abscisic Acid Signaling_16968132-bifan6": 0.3278195311147832, "Guard Cell Abscisic Acid Signaling_16968132-twoFFL1": 0.6788356123717889, "Guard Cell Abscisic Acid Signaling_16968132-fourone1": 1.5024972121855058, "Guard Cell Abscisic Acid Signaling_16968132-fourone2": 1.2151977828883815, "Guard Cell Abscisic Acid Signaling_16968132-fourone3": 1.7657121273840977, "Guard Cell Abscisic Acid Signaling_16968132-fourone4": 1.2161820521373965, "Guard Cell Abscisic Acid Signaling_16968132-fourone5": 1.3789267660750106, "Guard Cell Abscisic Acid Signaling_16968132-fourone6": 1.1022384227790796, "Guard Cell Abscisic Acid Signaling_16968132-fourone7": 1.3776496808432983, "Guard Cell Abscisic Acid Signaling_16968132-fourone8": 1.0957569381596128, "Guard Cell Abscisic Acid Signaling_16968132-fourtwo1": 1.4659164097509798, "Guard Cell Abscisic Acid Signaling_16968132-fivetwo1": 0.9715945488187093, "Guard Cell Abscisic Acid Signaling_16968132-fivetwo2": 1.7984660498927054, "Guard Cell Abscisic Acid Signaling_16968132-fivetwo3": 1.0130858587344855, "HCC1954 Breast Cell Line Long-term ErbB Network_24970389-bifan1": 0.13717861611443807, "HCC1954 Breast Cell Line Long-term ErbB Network_24970389-bifan2": 0.4356738927963093, "HCC1954 Breast Cell Line Long-term ErbB Network_24970389-bifan3": 1.333462712866326}