{"B cell differentiation_26751566-bifan1": 0.28536730733248117, "B cell differentiation_26751566-ten1": 0.9134511921806013, "BT474 Breast Cell Line Long-term ErbB Network_24970389-bifan1": 0.5964105503840371, "BT474 Breast Cell Line Long-term ErbB Network_24970389-bifan2": 0.19040014698492913, "BT474 Breast Cell Line Long-term ErbB Network_24970389-bifan3": 0.20621889609464455, "BT474 Breast Cell Line Long-term ErbB Network_24970389-fourone1": 1.2113273355340992, "BT474 Breast Cell Line Long-term ErbB Network_24970389-fourone2": 1.804320188373079, "BT474 Breast Cell Line Long-term ErbB Network_24970389-fourone3": 1.6456224127490255, "BT474 Breast Cell Line Long-term ErbB Network_24970389-fourone4": 1.1675432675823416, "BT474 Breast Cell Line Short-term ErbB Network_24970389-twoFFL1": 0.23171851894754958, "BT474 Breast Cell Line Short-term ErbB Network_24970389-twoFFL2": 0.3398067216047735, "Body Segmentation in Drosophila 2013_23520449-bifan1": 1.1800365325772657, "Body Segmentation in Drosophila 2013_23520449-bifan2": 1.0487949406953985, "Body Segmentation in Drosophila 2013_23520449-bifan3": 0.7372983448152632, "Body Segmentation in Drosophila 2013_23520449-fourone1": 1.5435644431995963, "Body Segmentation in Drosophila 2013_23520449-fourone2": 1.1992035054291628, "Body Segmentation in Drosophila 2013_23520449-fourone3": 1.5435644431995963, "Body Segmentation in Drosophila 2013_23520449-fourone4": 1.074701362355995, "Body Segmentation in Drosophila 2013_23520449-fourone5": 1.3029191407561966, "Body Segmentation in Drosophila 2013_23520449-fourone6": 1.3766144718101818, "Body Segmentation in Drosophila 2013_23520449-fourone7": 1.1992035054291628, "Body Segmentation in Drosophila 2013_23520449-fivethree1": 1.1764205068916453}