{"Bordetella bronchiseptica_22253585-bifan1": 1.4300365325772657, "Bordetella bronchiseptica_22253585-bifan2": 1.0432792398367259, "Bordetella bronchiseptica_22253585-bifan3": 0.9142573882122557, "Bordetella bronchiseptica_22253585-bifan4": 0.8725562489182657, "Bordetella bronchiseptica_22253585-bifan5": 0.7806390622295665, "Bordetella bronchiseptica_22253585-twoFFL1": 1.1989772481018421, "Bordetella bronchiseptica_22253585-twoFFL2": 0.5612781244591327, "Bordetella bronchiseptica_22253585-twoFFL3": 1.5, "Bordetella bronchiseptica_22253585-twoFFL4": 1.2743974703476995, "Bordetella bronchiseptica_22253585-twoFFL5": 1.5, "Bordetella bronchiseptica_22253585-twoFFL6": 1.5, "Bordetella bronchiseptica_22253585-twoFFL7": 1.5, "Bordetella bronchiseptica_22253585-twoFFL8": 1.5, "Bordetella bronchiseptica_22253585-twoFFL9": 1.5, "Bordetella bronchiseptica_22253585-twoFFL10": 1.2743974703476995, "Bordetella bronchiseptica_22253585-twoFFL11": 1.2743974703476995, "Bordetella bronchiseptica_22253585-twoFFL12": 1.1556390622295665, "Bordetella bronchiseptica_22253585-twoFFL13": 0.75, "Bordetella bronchiseptica_22253585-fourone1": 1.0982543910780236, "Bordetella bronchiseptica_22253585-fourone2": 0.6544576135268673, "Bordetella bronchiseptica_22253585-fourone3": 1.3227605312851478, "Bordetella bronchiseptica_22253585-fourone4": 0.16174513080983433, "Bordetella bronchiseptica_22253585-fourone5": 1.2677901993580618, "Bordetella bronchiseptica_22253585-fourone6": 1.3227605312851478, "Bordetella bronchiseptica_22253585-fourone7": 0.9847073860467611, "Bordetella bronchiseptica_22253585-fourone8": 1.9359124453513625, "Bordetella bronchiseptica_22253585-fourtwo1": 2.8036265622916234, "Bordetella bronchiseptica_22253585-fiveone1": 0.7201733323996973, "Bordetella bronchiseptica_22253585-fiveone2": 1.6696854054088386, "Bordetella bronchiseptica_22253585-fiveone3": 1.8490426895847785, "Bordetella bronchiseptica_22253585-fiveone4": 2.0, "Bordetella bronchiseptica_22253585-fiveone5": 2.004681751814345, "Bordetella bronchiseptica_22253585-fiveone6": 2.0, "Bordetella bronchiseptica_22253585-fiveone7": 0.36945567965467513, "Bordetella bronchiseptica_22253585-fivethree1": 1.1299025309203974, "Bordetella bronchiseptica_22253585-sixthree1": 1.1642105493537191, "Bortezomib Responses in U266 Human Myeloma Cells_26163548-bifan1": 0.4340013640311141, "Bortezomib Responses in U266 Human Myeloma Cells_26163548-bifan2": 0.13447053550223068, "Bortezomib Responses in U266 Human Myeloma Cells_26163548-bifan3": 0.32294223338866646, "Bortezomib Responses in U266 Human Myeloma Cells_26163548-bifan4": 0.2545244700163146, "Bortezomib Responses in U266 Human Myeloma Cells_26163548-bifan5": 0.8112781244591328, "Bortezomib Responses in U266 Human Myeloma Cells_26163548-bifan6": 0.24339272901036266, "Bortezomib Responses in U266 Human Myeloma Cells_26163548-bifan7": 0.41572040558234713, "Bortezomib Responses in U266 Human Myeloma Cells_26163548-bifan8": 0.49339272901036263, "Bortezomib Responses in U266 Human Myeloma Cells_26163548-bifan9": 0.8112781244591328, "Bortezomib Responses in U266 Human Myeloma Cells_26163548-bifan10": 0.13447053550223065, "Bortezomib Responses in U266 Human Myeloma Cells_26163548-bifan11": 0.4056390622295664, "Bortezomib Responses in U266 Human Myeloma Cells_26163548-bifan12": 0.3582786533570384, "Bortezomib Responses in U266 Human Myeloma Cells_26163548-bifan13": 0.2545244700163146, "Bortezomib Responses in U266 Human Myeloma Cells_26163548-bifan14": 0.8112781244591328, "Bortezomib Responses in U266 Human Myeloma Cells_26163548-bifan15": 0.13447053550223068, "Bortezomib Responses in U266 Human Myeloma Cells_26163548-bifan16": 0.8112781244591328, "Bortezomib Responses in U266 Human Myeloma Cells_26163548-bifan17": 0.40360479205943556, "Bortezomib Responses in U266 Human Myeloma Cells_26163548-bifan18": 0.33747148695216544, "Bortezomib Responses in U266 Human Myeloma Cells_26163548-bifan19": 0.24339272901036269, "Bortezomib Responses in U266 Human Myeloma Cells_26163548-bifan20": 0.8112781244591328, "Bortezomib Responses in U266 Human Myeloma Cells_26163548-twoFFL1": 0.2744394286796961, "Bortezomib Responses in U266 Human Myeloma Cells_26163548-twoFFL2": 0.22279888201594544, "Bortezomib Responses in U266 Human Myeloma Cells_26163548-twoFFL3": 0.24766424771171902, "Bortezomib Responses in U266 Human Myeloma Cells_26163548-fourtwo1": 1.41377614291009, "Bortezomib Responses in U266 Human Myeloma Cells_26163548-fourtwo2": 1.5871288863991926, "Bortezomib Responses in U266 Human Myeloma Cells_26163548-fourtwo3": 1.7055112979612097, "Budding Yeast Cell Cycle 2009_19185585-bifan1": 1.1964186567987642, "Budding Yeast Cell Cycle 2009_19185585-bifan2": 0.8178059104670936, "Budding Yeast Cell Cycle 2009_19185585-bifan3": 0.14794453009703368, "Budding Yeast Cell Cycle 2009_19185585-fourone1": 2.024397470347699, "Budding Yeast Cell Cycle 2009_19185585-fourtwo1": 0.8279190587331263, "Budding Yeast Cell Cycle 2009_19185585-fourtwo2": 1.2678417284320636, "Budding Yeast Cell Cycle 2009_19185585-fiveone1": 1.1686674416128864, "Budding Yeast Cell Cycle 2009_19185585-fiveone2": 0.7611801656080008, "Budding Yeast Cell Cycle 2009_19185585-fiveone3": 1.4439897631106187, "Budding Yeast Cell Cycle 2009_19185585-fiveone4": 0.9101125065760982, "Budding Yeast Cell Cycle 2009_19185585-fiveone5": 0.623407901260262, "Budding Yeast Cell Cycle 2009_19185585-fiveone6": 1.4539345303408455, "Budding Yeast Cell Cycle 2009_19185585-fiveone7": 0.7809158054505027, "Budding Yeast Cell Cycle 2009_19185585-fiveone8": 0.9992500203537475, "Budding Yeast Cell Cycle_23049686-bifan1": 0.9657449120848132, "Budding Yeast Cell Cycle_23049686-fourone1": 0.8740465463419327, "Budding Yeast Cell Cycle_23049686-fourone2": 0.9213902984679325, "Budding Yeast Cell Cycle_23049686-fourone3": 1.4134951259216153, "Budding Yeast Cell Cycle_23049686-fourone4": 0.9362781244591327, "Budding Yeast Cell Cycle_23049686-fourtwo1": 1.6713511896136644, "Budding Yeast Cell Cycle_23049686-fiveone1": 0.6564743529942226, "Budding Yeast Cell Cycle_23049686-fiveone2": 0.6438119450270596, "CD4 T cell signaling_25538703-bifan1": 0.5706425238598473, "CD4 T cell signaling_25538703-bifan2": 0.34084832620770794, "CD4 T cell signaling_25538703-bifan3": 0.1507863898589163, "CD4 T cell signaling_25538703-bifan4": 0.39333089147993333, "CD4 T cell signaling_25538703-bifan5": 0.49748680090816655, "CD4 T cell signaling_25538703-bifan6": 0.09894332830808841, "CD4 T cell signaling_25538703-bifan7": 0.049825557474802155, "CD4 T cell signaling_25538703-bifan8": 0.30142701715497955, "CD4 T cell signaling_25538703-bifan9": 0.23196333902815333, "CD4 T cell signaling_25538703-bifan10": 0.08289125953167976, "CD4 T cell signaling_25538703-bifan11": 0.637090274045113, "CD4 T cell signaling_25538703-bifan12": 0.8218747999754665, "CD4 T cell signaling_25538703-bifan13": 0.24447110924218451, "CD4 T cell signaling_25538703-bifan14": 0.29356444319959635, "CD4 T cell signaling_25538703-bifan15": 0.4778451167165272, "CD4 T cell signaling_25538703-bifan16": 0.5487949406953986, "CD4 T cell signaling_25538703-bifan17": 0.6092104087699161, "CD4 T cell signaling_25538703-bifan18": 0.5494300932346139, "CD4 T cell signaling_25538703-bifan19": 1.0649897777836603, "CD4 T cell signaling_25538703-bifan20": 0.7169171866886992, "CD4 T cell signaling_25538703-bifan21": 0.5706425238598473, "CD4 T cell signaling_25538703-bifan22": 0.14172653904203095, "CD4 T cell signaling_25538703-bifan23": 0.41557319789557945, "CD4 T cell signaling_25538703-bifan24": 0.5513496197498444, "CD4 T cell signaling_25538703-bifan25": 0.5494300932346139, "CD4 T cell signaling_25538703-bifan26": 0.2543206590381906, "CD4 T cell signaling_25538703-bifan27": 0.5487949406953986, "CD4 T cell signaling_25538703-bifan28": 0.29356444319959635, "CD4 T cell signaling_25538703-bifan29": 0.7169171866886992, "CD4 T cell signaling_25538703-bifan30": 0.2381496852086732, "CD4 T cell signaling_25538703-bifan31": 0.7169171866886992,