{"Apoptosis Network_19422837-bifan1": 2.089986750926187, "Apoptosis Network_19422837-fourone1": 1.5963792365863247, "Apoptosis Network_19422837-fourone2": 1.5640547200056016, "Apoptosis Network_19422837-fourtwo1": 1.3533222321800562}