{"Guard Cell Abscisic Acid Signaling_16968132-bifan1": 2.665109597731797, "Guard Cell Abscisic Acid Signaling_16968132-bifan2": 2.9375, "Guard Cell Abscisic Acid Signaling_16968132-bifan3": 2.876614471810182, "Guard Cell Abscisic Acid Signaling_16968132-bifan4": 2.2806390622295662, "Guard Cell Abscisic Acid Signaling_16968132-bifan5": 2.3766144718101816, "Guard Cell Abscisic Acid Signaling_16968132-bifan6": 2.9375, "Guard Cell Abscisic Acid Signaling_16968132-twoFFL1": 1.7236429365398327, "Guard Cell Abscisic Acid Signaling_16968132-fourone1": 0.8598229274255985, "Guard Cell Abscisic Acid Signaling_16968132-fourone2": 1.3934904995909567, "Guard Cell Abscisic Acid Signaling_16968132-fourone3": 0.9867784445219693, "Guard Cell Abscisic Acid Signaling_16968132-fourone4": 1.361553821567931, "Guard Cell Abscisic Acid Signaling_16968132-fourone5": 0.9747942057161385, "Guard Cell Abscisic Acid Signaling_16968132-fourone6": 1.2920547399169513, "Guard Cell Abscisic Acid Signaling_16968132-fourone7": 0.7571912298218428, "Guard Cell Abscisic Acid Signaling_16968132-fourone8": 1.2855732552974846, "Guard Cell Abscisic Acid Signaling_16968132-fourtwo1": 1.6294115356725953, "Guard Cell Abscisic Acid Signaling_16968132-fivetwo1": 1.2162681129202237, "Guard Cell Abscisic Acid Signaling_16968132-fivetwo2": 0.9242784445219694, "Guard Cell Abscisic Acid Signaling_16968132-fivetwo3": 1.4307214950441867, "HCC1954 Breast Cell Line Long-term ErbB Network_24970389-bifan1": 2.6145392515557138, "HCC1954 Breast Cell Line Long-term ErbB Network_24970389-bifan2": 1.4745773602944698, "HCC1954 Breast Cell Line Long-term ErbB Network_24970389-bifan3": 1.3789111713657134}