{"Arabidopsis thaliana Cell Cycle_26340681-bifan1": 3.3029798588934742, "Arabidopsis thaliana Cell Cycle_26340681-bifan2": 2.171885290777924, "Arabidopsis thaliana Cell Cycle_26340681-bifan3": 2.931767878463424, "Arabidopsis thaliana Cell Cycle_26340681-bifan4": 2.3144083442141, "Arabidopsis thaliana Cell Cycle_26340681-bifan5": 2.185715579225461, "Arabidopsis thaliana Cell Cycle_26340681-bifan6": 2.7241716531567093, "Arabidopsis thaliana Cell Cycle_26340681-bifan7": 2.7643893784573703, "Arabidopsis thaliana Cell Cycle_26340681-bifan8": 3.2976507114349087, "Arabidopsis thaliana Cell Cycle_26340681-bifan9": 3.5398480734947766, "Arabidopsis thaliana Cell Cycle_26340681-bifan10": 3.254950095004869, "Arabidopsis thaliana Cell Cycle_26340681-bifan11": 2.8289571689936963, "Arabidopsis thaliana Cell Cycle_26340681-bifan12": 3.4646602299512788, "Arabidopsis thaliana Cell Cycle_26340681-bifan13": 3.1866091532147744, "Arabidopsis thaliana Cell Cycle_26340681-twoFFL1": 2.4383452772542142, "Arabidopsis thaliana Cell Cycle_26340681-twoFFL2": 2.500506007178344, "Arabidopsis thaliana Cell Cycle_26340681-twoFFL3": 1.9014423476077649, "Arabidopsis thaliana Cell Cycle_26340681-twoFFL4": 3.2873926779546694, "Arabidopsis thaliana Cell Cycle_26340681-twoFFL5": 2.777157566182521, "Arabidopsis thaliana Cell Cycle_26340681-twoFFL6": 2.2806945220975754, "Arabidopsis thaliana Cell Cycle_26340681-twoFFL7": 2.13954181686901, "Arabidopsis thaliana Cell Cycle_26340681-twoFFL8": 2.9867294344956163, "Arabidopsis thaliana Cell Cycle_26340681-twoFFL9": 1.8730577501533239, "Arabidopsis thaliana Cell Cycle_26340681-twoFFL10": 2.976868328785365, "Arabidopsis thaliana Cell Cycle_26340681-twoFFL11": 2.865843331600085, "Arabidopsis thaliana Cell Cycle_26340681-twoFFL12": 1.7781500929906926, "Arabidopsis thaliana Cell Cycle_26340681-twoFFL13": 3.1347198851175566, "Arabidopsis thaliana Cell Cycle_26340681-twoFFL14": 2.230298576948577, "Arabidopsis thaliana Cell Cycle_26340681-twoFFL15": 2.3274136075123826, "Arabidopsis thaliana Cell Cycle_26340681-twoFFL16": 2.5381669616721663, "Arabidopsis thaliana Cell Cycle_26340681-twoFFL17": 2.4374663836637818, "Arabidopsis thaliana Cell Cycle_26340681-twoFFL18": 1.909300083880853, "Arabidopsis thaliana Cell Cycle_26340681-twoFFL19": 2.388565348653663, "Arabidopsis thaliana Cell Cycle_26340681-twoFFL20": 3.1595848774269935, "Arabidopsis thaliana Cell Cycle_26340681-twoFFL21": 2.5575489701098517, "Arabidopsis thaliana Cell Cycle_26340681-twoFFL22": 2.9374488759630797, "Arabidopsis thaliana Cell Cycle_26340681-twoFFL23": 2.1217353411298223, "Arabidopsis thaliana Cell Cycle_26340681-twoFFL24": 2.745290997994335, "Arabidopsis thaliana Cell Cycle_26340681-twoFFL25": 1.8135598989410004, "Arabidopsis thaliana Cell Cycle_26340681-twoFFL26": 3.4583583338544095, "Arabidopsis thaliana Cell Cycle_26340681-twoFFL27": 1.6729495017948868, "Arabidopsis thaliana Cell Cycle_26340681-twoFFL28": 2.8770788710496684, "Arabidopsis thaliana Cell Cycle_26340681-twoFFL29": 2.4313380034104193, "Arabidopsis thaliana Cell Cycle_26340681-twoFFL30": 2.7353117852722066, "Arabidopsis thaliana Cell Cycle_26340681-twoFFL31": 2.3268677841204712, "Arabidopsis thaliana Cell Cycle_26340681-twoFFL32": 2.1042131489348805, "Arabidopsis thaliana Cell Cycle_26340681-twoFFL33": 2.2566039214870086, "Arabidopsis thaliana Cell Cycle_26340681-twoFFL34": 2.2791051065968713, "Arabidopsis thaliana Cell Cycle_26340681-twoFFL35": 2.989761131882577, "Arabidopsis thaliana Cell Cycle_26340681-twoFFL36": 2.0734771713277893, "Arabidopsis thaliana Cell Cycle_26340681-twoFFL37": 2.462363708532812, "Arabidopsis thaliana Cell Cycle_26340681-twoFFL38": 2.1777441325327165, "Arabidopsis thaliana Cell Cycle_26340681-fourone1": 2.189166991728667, "Arabidopsis thaliana Cell Cycle_26340681-fourone2": 1.4887744692728215, "Arabidopsis thaliana Cell Cycle_26340681-fourone3": 2.429979655549224, "Arabidopsis thaliana Cell Cycle_26340681-fourone4": 2.2238563303953156, "Arabidopsis thaliana Cell Cycle_26340681-fourone5": 2.4304075977900728, "Arabidopsis thaliana Cell Cycle_26340681-fourone6": 2.0434244479221446, "Arabidopsis thaliana Cell Cycle_26340681-fourone7": 2.177813903843787, "Arabidopsis thaliana Cell Cycle_26340681-fourone8": 2.4057980921271946, "Arabidopsis thaliana Cell Cycle_26340681-fourone9": 2.119137618810195, "Arabidopsis thaliana Cell Cycle_26340681-fourone10": 1.826271024740008, "Arabidopsis thaliana Cell Cycle_26340681-fourone11": 1.8739770019558764, "Arabidopsis thaliana Cell Cycle_26340681-fourtwo1": 2.1481037009481403, "Arabidopsis thaliana Cell Cycle_26340681-fourtwo2": 1.6803708158004103, "Arabidopsis thaliana Cell Cycle_26340681-fourtwo3": 2.2895238381197216, "Arabidopsis thaliana Cell Cycle_26340681-fourtwo4": 1.9303734951867881, "Arabidopsis thaliana Cell Cycle_26340681-fourtwo5": 1.6602569804290273, "Arabidopsis thaliana Cell Cycle_26340681-fiveone1": 2.197483659052038, "Arabidopsis thaliana Cell Cycle_26340681-fiveone2": 1.9659400760443895, "Arabidopsis thaliana Cell Cycle_26340681-fiveone3": 2.2862517722788955, "Arabidopsis thaliana Cell Cycle_26340681-fiveone4": 1.7392233089297777, "Arabidopsis thaliana Cell Cycle_26340681-fiveone5": 1.9927770437134043, "Arabidopsis thaliana Cell Cycle_26340681-fivetwo1": 0.8344908394118815, "Arabidopsis thaliana Cell Cycle_26340681-fivetwo2": 1.252835745416989, "Arabidopsis thaliana Cell Cycle_26340681-fivetwo3": 2.1050335552304467, "Arabidopsis thaliana Cell Cycle_26340681-fivetwo4": 1.8091419914632643, "Arabidopsis thaliana Cell Cycle_26340681-sixone1": 2.0427033842341715, "Arabidopsis thaliana Cell Cycle_26340681-sixtwo1": 1.7754806281419242, "Arabidopsis thaliana Cell Cycle_26340681-sixfour1": 2.1407365597339996, "Arabidopsis thaliana Cell Cycle_26340681-sevenone1": 1.6517249509260274, "Arabidopsis thaliana Cell Cycle_26340681-sevenone2": 2.1220425889309995, "Arabidopsis thaliana Cell Cycle_26340681-sevenone3": 2.007915101082275, "Arabidopsis thaliana Cell Cycle_26340681-seventwo1": 2.132239306271308, "Arabidopsis thaliana Cell Cycle_26340681-seventwo2": 2.1142889308893165, "Arabidopsis thaliana Cell Cycle_26340681-seventhree1": 1.6415183146265653, "Arabidopsis thaliana Cell Cycle_26340681-eightone1": 1.4233875260839173, "Arabidopsis thaliana Cell Cycle_26340681-eightone2": 1.325368883149039, "Arabidopsis thaliana Cell Cycle_26340681-eightone3": 2.2369534115386784, "Arabidopsis thaliana Cell Cycle_26340681-eightone4": 1.882973326506052, "Arabidopsis thaliana Cell Cycle_26340681-eightone5": 2.1060237879193666, "Aurora Kinase A in Neuroblastoma_26616283-bifan1": 2.32507897590267, "Aurora Kinase A in Neuroblastoma_26616283-fourone1": 1.9470777753224304, "Aurora Kinase A in Neuroblastoma_26616283-fourone2": 0.8108907639447793, "Aurora Kinase A in Neuroblastoma_26616283-fourone3": 1.4994273212788292, "Aurora Kinase A in Neuroblastoma_26616283-fourone4": 1.0551437723974653, "Aurora Kinase A in Neuroblastoma_26616283-fourone5": 1.893709098605705, "Aurora Kinase A in Neuroblastoma_26616283-fourone6": 1.0883011610030788, "Aurora Kinase A in Neuroblastoma_26616283-fourone7": 0.8112781244591327, "Aurora Kinase A in Neuroblastoma_26616283-fivetwo1": 1.75957777532243, "Aurora Kinase A in Neuroblastoma_26616283-fivetwo2": 0.8676437723974653, "Aurora Kinase A in Neuroblastoma_26616283-fivetwo3": 0.9944506832564664,