{"Predicting Variabilities in Cardiac Gene_26207376-fanout1": 0.5812643537214078, "Predicting Variabilities in Cardiac Gene_26207376-fanout2": 0.5, "Predicting Variabilities in Cardiac Gene_26207376-fanout3": 0.5, "Predicting Variabilities in Cardiac Gene_26207376-fanout4": 0.7844813452425075, "Predicting Variabilities in Cardiac Gene_26207376-fanout5": 0.3112781244591328, "Predicting Variabilities in Cardiac Gene_26207376-fanout6": 0.8871987351738497, "Predicting Variabilities in Cardiac Gene_26207376-fanout7": 0.37229334183425056, "Predicting Variabilities in Cardiac Gene_26207376-fanout8": 0.5787490354000879, "Predicting Variabilities in Cardiac Gene_26207376-fanout9": 0.6263832733354794, "Predicting Variabilities in Cardiac Gene_26207376-fanout10": 0.3443609377704336, "Predicting Variabilities in Cardiac Gene_26207376-fanout11": 0.6556390622295665, "Predicting Variabilities in Cardiac Gene_26207376-fanout12": 0.29773351771468903, "Predicting Variabilities in Cardiac Gene_26207376-fanout13": 0.6336799116504013, "Predicting Variabilities in Cardiac Gene_26207376-fanout14": 0.1628625416137748, "Predicting Variabilities in Cardiac Gene_26207376-fanout15": 0.3370384288716278, "Predicting Variabilities in Cardiac Gene_26207376-fanout16": 0.3443609377704336, "Predicting Variabilities in Cardiac Gene_26207376-fanout17": 0.5243974703476992, "Predicting Variabilities in Cardiac Gene_26207376-fanout18": 0.6556390622295665, "Predicting Variabilities in Cardiac Gene_26207376-fanout19": 0.2587598643251908, "Predicting Variabilities in Cardiac Gene_26207376-fanout20": 0.7663769612543039, "Predicting Variabilities in Cardiac Gene_26207376-fanout21": 0.3461896805273411, "Predicting Variabilities in Cardiac Gene_26207376-fanout22": 0.5099722525781476, "Predicting Variabilities in Cardiac Gene_26207376-fanout23": 0.0811727688638783, "Predicting Variabilities in Cardiac Gene_26207376-fanout24": 0.23011590910605453, "Predicting Variabilities in Cardiac Gene_26207376-fanout25": 0.5, "Predicting Variabilities in Cardiac Gene_26207376-fanin1": 0.01121620852682239, "Predicting Variabilities in Cardiac Gene_26207376-fanin2": 0.1408968586304737, "Predicting Variabilities in Cardiac Gene_26207376-fanin3": 0.9056390622295665, "Predicting Variabilities in Cardiac Gene_26207376-fanin4": 0.2955044716773989, "Predicting Variabilities in Cardiac Gene_26207376-fanin5": 0.13288184368158945, "Predicting Variabilities in Cardiac Gene_26207376-fanin6": 0.20443400292496497, "Predicting Variabilities in Cardiac Gene_26207376-fanin7": 0.13719278668324622, "Predicting Variabilities in Cardiac Gene_26207376-fanin8": 0.028992154059305594, "Predicting Variabilities in Cardiac Gene_26207376-fanin9": 0.1361979582361303, "Predicting Variabilities in Cardiac Gene_26207376-fanin10": 0.11091971848229219, "Predicting Variabilities in Cardiac Gene_26207376-fanin11": 0.014739203403772506, "Predicting Variabilities in Cardiac Gene_26207376-fanin12": 0.12117339254272375, "Predicting Variabilities in Cardiac Gene_26207376-fanin13": 0.21144185306578644, "Predicting Variabilities in Cardiac Gene_26207376-fanin14": 0.11015384680834706, "Predicting Variabilities in Cardiac Gene_26207376-fanin15": 0.8112781244591328, "Predicting Variabilities in Cardiac Gene_26207376-fanin16": 0.7044340029249649, "Predicting Variabilities in Cardiac Gene_26207376-fanin17": 0.8112781244591328, "Predicting Variabilities in Cardiac Gene_26207376-fanin18": 0.15429899206801445, "Predicting Variabilities in Cardiac Gene_26207376-fanin19": 0.02930411065813579, "Predicting Variabilities in Cardiac Gene_26207376-fanin20": 0.31278310254432085, "Predicting Variabilities in Cardiac Gene_26207376-fanin21": 0.6088299875034344, "Predicting Variabilities in Cardiac Gene_26207376-cascade1": 0.012914348463706982, "Predicting Variabilities in Cardiac Gene_26207376-cascade2": 0.3600730651545314, "Predicting Variabilities in Cardiac Gene_26207376-cascade3": 1.0084372338147243, "Predicting Variabilities in Cardiac Gene_26207376-cascade4": 0.8600730651545314, "Predicting Variabilities in Cardiac Gene_26207376-cascade5": 1.311278124459133, "Predicting Variabilities in Cardiac Gene_26207376-cascade6": 1.0487949406953985, "Predicting Variabilities in Cardiac Gene_26207376-cascade7": 0.5487949406953985, "Predicting Variabilities in Cardiac Gene_26207376-cascade8": 0.37540819966153577, "Predicting Variabilities in Cardiac Gene_26207376-cascade9": 0.41374186618707864, "Predicting Variabilities in Cardiac Gene_26207376-cascade10": 0.38821209608546103, "Predicting Variabilities in Cardiac Gene_26207376-cascade11": 1.311278124459133, "Predicting Variabilities in Cardiac Gene_26207376-cascade12": 1.2760875471443713, "Predicting Variabilities in Cardiac Gene_26207376-cascade13": 0.3151312517366268, "Predicting Variabilities in Cardiac Gene_26207376-cascade14": 0.32210003668915155, "Predicting Variabilities in Cardiac Gene_26207376-cascade15": 0.2285700796150611, "Predicting Variabilities in Cardiac Gene_26207376-cascade16": 1.5, "Predicting Variabilities in Cardiac Gene_26207376-cascade17": 0.07859416768545494, "Predicting Variabilities in Cardiac Gene_26207376-cascade18": 1.1034440357275224, "Predicting Variabilities in Cardiac Gene_26207376-cascade19": 0.3151312517366268, "Predicting Variabilities in Cardiac Gene_26207376-cascade20": 0.03752866509017397, "Predicting Variabilities in Cardiac Gene_26207376-cascade21": 2.0, "Predicting Variabilities in Cardiac Gene_26207376-cascade22": 0.1739965895694275, "Predicting Variabilities in Cardiac Gene_26207376-cascade23": 0.38821209608546103, "Predicting Variabilities in Cardiac Gene_26207376-cascade24": 0.10704390092416358, "Predicting Variabilities in Cardiac Gene_26207376-cascade25": 0.32210003668915155, "Predicting Variabilities in Cardiac Gene_26207376-cascade26": 1.1284418719431952, "Predicting Variabilities in Cardiac Gene_26207376-cascade27": 1.311278124459133, "Predicting Variabilities in Cardiac Gene_26207376-cascade28": 0.07859416768545494, "Predicting Variabilities in Cardiac Gene_26207376-cascade29": 0.44920350542916276, "Predicting Variabilities in Cardiac Gene_26207376-cascade30": 0.8600730651545314, "Predicting Variabilities in Cardiac Gene_26207376-cascade31": 0.11101932026528716, "Predicting Variabilities in Cardiac Gene_26207376-cascade32": 1.311278124459133, "Predicting Variabilities in Cardiac Gene_26207376-cascade33": 1.2541246797354157, "Predicting Variabilities in Cardiac Gene_26207376-cascade34": 0.44920350542916276, "Predicting Variabilities in Cardiac Gene_26207376-mutualin1": 0.344620320212651, "Predicting Variabilities in Cardiac Gene_26207376-mutualin2": 0.16641244664486737, "Predicting Variabilities in Cardiac Gene_26207376-mutualin3": 0.39539692722360076, "Predicting Variabilities in Cardiac Gene_26207376-mutualin4": 0.21072044814458699, "Predicting Variabilities in Cardiac Gene_26207376-mutualin5": 0.15469972018766126, "Predicting Variabilities in Cardiac Gene_26207376-mutualin6": 0.24086751081902913, "Predicting Variabilities in Cardiac Gene_26207376-mutualin7": 0.22523196356872688, "Predicting Variabilities in Cardiac Gene_26207376-FFL1": 0.7937367538890439, "Predicting Variabilities in Cardiac Gene_26207376-FFL2": 0.30186728704838384, "Predicting Variabilities in Cardiac Gene_26207376-FFL3": 0.5003259769608626, "Predicting Variabilities in Cardiac Gene_26207376-FFL4": 1.0612781244591327, "Predicting Variabilities in Cardiac Gene_26207376-FFL5": 0.7941587799798877, "Predicting Variabilities in Cardiac Gene_26207376-FFL6": 0.21545586752312468, "Predicting Variabilities in Cardiac Gene_26207376-FFL7": 0.43401236825061884, "Predicting Variabilities in Cardiac Gene_26207376-FFL8": 1.0612781244591327, "Predicting Variabilities in Cardiac Gene_26207376-FFL9": 1.1556390622295665, "Predicting Variabilities in Cardiac Gene_26207376-FFL10": 0.35115194202509814, "Predicting Variabilities in Cardiac Gene_26207376-FFL11": 1.0327539225086078,