{"Predicting Variabilities in Cardiac Gene_26207376-fanout1": 1.4941208757006068, "Predicting Variabilities in Cardiac Gene_26207376-fanout2": 1.407673332399697, "Predicting Variabilities in Cardiac Gene_26207376-fanout3": 1.5, "Predicting Variabilities in Cardiac Gene_26207376-fanout4": 1.1888985319312066, "Predicting Variabilities in Cardiac Gene_26207376-fanout5": 1.7189514568588304, "Predicting Variabilities in Cardiac Gene_26207376-fanout6": 1.1666159218625491, "Predicting Variabilities in Cardiac Gene_26207376-fanout7": 1.9265885744330014, "Predicting Variabilities in Cardiac Gene_26207376-fanout8": 1.4971522099150056, "Predicting Variabilities in Cardiac Gene_26207376-fanout9": 1.4364395222537452, "Predicting Variabilities in Cardiac Gene_26207376-fanout10": 2.0, "Predicting Variabilities in Cardiac Gene_26207376-fanout11": 1.4056390622295665, "Predicting Variabilities in Cardiac Gene_26207376-fanout12": 1.6475512572685673, "Predicting Variabilities in Cardiac Gene_26207376-fanout13": 1.328507145615997, "Predicting Variabilities in Cardiac Gene_26207376-fanout14": 1.5636413278449817, "Predicting Variabilities in Cardiac Gene_26207376-fanout15": 1.7134617612713252, "Predicting Variabilities in Cardiac Gene_26207376-fanout16": 2.0, "Predicting Variabilities in Cardiac Gene_26207376-fanout17": 1.8050365325772657, "Predicting Variabilities in Cardiac Gene_26207376-fanout18": 1.4056390622295665, "Predicting Variabilities in Cardiac Gene_26207376-fanout19": 1.989062517108325, "Predicting Variabilities in Cardiac Gene_26207376-fanout20": 1.14120746591718, "Predicting Variabilities in Cardiac Gene_26207376-fanout21": 1.567410850842628, "Predicting Variabilities in Cardiac Gene_26207376-fanout22": 1.7047994865437435, "Predicting Variabilities in Cardiac Gene_26207376-fanout23": 2.0366769044188553, "Predicting Variabilities in Cardiac Gene_26207376-fanout24": 1.4012104759984976, "Predicting Variabilities in Cardiac Gene_26207376-fanout25": 1.5, "Predicting Variabilities in Cardiac Gene_26207376-fanin1": 1.6816278148640393, "Predicting Variabilities in Cardiac Gene_26207376-fanin2": 2.049487935582362, "Predicting Variabilities in Cardiac Gene_26207376-fanin3": 1.811278124459133, "Predicting Variabilities in Cardiac Gene_26207376-fanin4": 2.2117818711103485, "Predicting Variabilities in Cardiac Gene_26207376-fanin5": 2.068942818361058, "Predicting Variabilities in Cardiac Gene_26207376-fanin6": 2.548794940695399, "Predicting Variabilities in Cardiac Gene_26207376-fanin7": 2.1635542729539576, "Predicting Variabilities in Cardiac Gene_26207376-fanin8": 1.7167298653442673, "Predicting Variabilities in Cardiac Gene_26207376-fanin9": 2.2140174893509132, "Predicting Variabilities in Cardiac Gene_26207376-fanin10": 2.1720556186464828, "Predicting Variabilities in Cardiac Gene_26207376-fanin11": 1.902119576680621, "Predicting Variabilities in Cardiac Gene_26207376-fanin12": 2.0307404866183147, "Predicting Variabilities in Cardiac Gene_26207376-fanin13": 1.9529209555035314, "Predicting Variabilities in Cardiac Gene_26207376-fanin14": 2.2224547231656375, "Predicting Variabilities in Cardiac Gene_26207376-fanin15": 2.0, "Predicting Variabilities in Cardiac Gene_26207376-fanin16": 1.5975898813907974, "Predicting Variabilities in Cardiac Gene_26207376-fanin17": 2.0, "Predicting Variabilities in Cardiac Gene_26207376-fanin18": 2.1864355033889025, "Predicting Variabilities in Cardiac Gene_26207376-fanin19": 2.1455740588150163, "Predicting Variabilities in Cardiac Gene_26207376-fanin20": 1.9603587812639502, "Predicting Variabilities in Cardiac Gene_26207376-fanin21": 2.017248743882248, "Predicting Variabilities in Cardiac Gene_26207376-cascade1": 1.8397858399847256, "Predicting Variabilities in Cardiac Gene_26207376-cascade2": 2.0157121273840977, "Predicting Variabilities in Cardiac Gene_26207376-cascade3": 0.3863644887230294, "Predicting Variabilities in Cardiac Gene_26207376-cascade4": 1.5157121273840979, "Predicting Variabilities in Cardiac Gene_26207376-cascade5": 1.3112781244591327, "Predicting Variabilities in Cardiac Gene_26207376-cascade6": 1.7044340029249652, "Predicting Variabilities in Cardiac Gene_26207376-cascade7": 1.7044340029249652, "Predicting Variabilities in Cardiac Gene_26207376-cascade8": 1.7911568840247245, "Predicting Variabilities in Cardiac Gene_26207376-cascade9": 1.5696502521757063, "Predicting Variabilities in Cardiac Gene_26207376-cascade10": 1.5518716674084225, "Predicting Variabilities in Cardiac Gene_26207376-cascade11": 1.3112781244591327, "Predicting Variabilities in Cardiac Gene_26207376-cascade12": 0.9786568840247246, "Predicting Variabilities in Cardiac Gene_26207376-cascade13": 1.7856251425291014, "Predicting Variabilities in Cardiac Gene_26207376-cascade14": 1.7543751425291016, "Predicting Variabilities in Cardiac Gene_26207376-cascade15": 1.730872617967673, "Predicting Variabilities in Cardiac Gene_26207376-cascade16": 1.0, "Predicting Variabilities in Cardiac Gene_26207376-cascade17": 2.1413227103356416, "Predicting Variabilities in Cardiac Gene_26207376-cascade18": 1.03145145685883, "Predicting Variabilities in Cardiac Gene_26207376-cascade19": 1.7856251425291014, "Predicting Variabilities in Cardiac Gene_26207376-cascade20": 1.8309348361242659, "Predicting Variabilities in Cardiac Gene_26207376-cascade21": 0.0, "Predicting Variabilities in Cardiac Gene_26207376-cascade22": 1.8175474659267183, "Predicting Variabilities in Cardiac Gene_26207376-cascade23": 1.5518716674084225, "Predicting Variabilities in Cardiac Gene_26207376-cascade24": 2.319291004254665, "Predicting Variabilities in Cardiac Gene_26207376-cascade25": 1.7543751425291016, "Predicting Variabilities in Cardiac Gene_26207376-cascade26": 1.0981251425291014, "Predicting Variabilities in Cardiac Gene_26207376-cascade27": 1.311278124459133, "Predicting Variabilities in Cardiac Gene_26207376-cascade28": 2.141322710335642, "Predicting Variabilities in Cardiac Gene_26207376-cascade29": 1.6048425676587292, "Predicting Variabilities in Cardiac Gene_26207376-cascade30": 1.5157121273840979, "Predicting Variabilities in Cardiac Gene_26207376-cascade31": 1.6621473391010149, "Predicting Variabilities in Cardiac Gene_26207376-cascade32": 0.3112781244591328, "Predicting Variabilities in Cardiac Gene_26207376-cascade33": 1.2635195895329678, "Predicting Variabilities in Cardiac Gene_26207376-cascade34": 1.6048425676587292, "Predicting Variabilities in Cardiac Gene_26207376-mutualin1": 1.4634682297660782, "Predicting Variabilities in Cardiac Gene_26207376-mutualin2": 1.3170800872247939, "Predicting Variabilities in Cardiac Gene_26207376-mutualin3": 1.57115542956283, "Predicting Variabilities in Cardiac Gene_26207376-mutualin4": 1.4268610025612984, "Predicting Variabilities in Cardiac Gene_26207376-mutualin5": 1.6740074942273593, "Predicting Variabilities in Cardiac Gene_26207376-mutualin6": 1.4776347094631221, "Predicting Variabilities in Cardiac Gene_26207376-mutualin7": 1.0393348373298328, "Predicting Variabilities in Cardiac Gene_26207376-FFL1": 1.3192910042546644, "Predicting Variabilities in Cardiac Gene_26207376-FFL2": 1.4842824751844381, "Predicting Variabilities in Cardiac Gene_26207376-FFL3": 1.6257578326443376, "Predicting Variabilities in Cardiac Gene_26207376-FFL4": 1.311278124459133, "Predicting Variabilities in Cardiac Gene_26207376-FFL5": 1.2340994066199027, "Predicting Variabilities in Cardiac Gene_26207376-FFL6": 1.5522740968586934, "Predicting Variabilities in Cardiac Gene_26207376-FFL7": 1.5312867821440979, "Predicting Variabilities in Cardiac Gene_26207376-FFL8": 1.3112781244591327, "Predicting Variabilities in Cardiac Gene_26207376-FFL9": 1.4669171866886994, "Predicting Variabilities in Cardiac Gene_26207376-FFL10": 2.0155364376825062, "Predicting Variabilities in Cardiac Gene_26207376-FFL11": 1.3779272549083053, "Predicting Variabilities in Cardiac Gene_26207376-FFL12": 1.0, "Predicting Variabilities in Cardiac Gene_26207376-FFL13": 1.4777969150939851,