{"Predicting Variabilities in Cardiac Gene_26207376-fanout1": 0.29166797044663584, "Predicting Variabilities in Cardiac Gene_26207376-fanout2": 0.0, "Predicting Variabilities in Cardiac Gene_26207376-fanout3": 0.5, "Predicting Variabilities in Cardiac Gene_26207376-fanout4": 0.028018654757492545, "Predicting Variabilities in Cardiac Gene_26207376-fanout5": 0.18872187554086722, "Predicting Variabilities in Cardiac Gene_26207376-fanout6": 0.05030126482615027, "Predicting Variabilities in Cardiac Gene_26207376-fanout7": 0.2818889823337931, "Predicting Variabilities in Cardiac Gene_26207376-fanout8": 0.21031346459991207, "Predicting Variabilities in Cardiac Gene_26207376-fanout9": 0.18611672666452062, "Predicting Variabilities in Cardiac Gene_26207376-fanout10": 0.4056390622295664, "Predicting Variabilities in Cardiac Gene_26207376-fanout11": 0.09436093777043353, "Predicting Variabilities in Cardiac Gene_26207376-fanout12": 0.19916496853737653, "Predicting Variabilities in Cardiac Gene_26207376-fanout13": 0.1455024125176424, "Predicting Variabilities in Cardiac Gene_26207376-fanout14": 0.14756978255426914, "Predicting Variabilities in Cardiac Gene_26207376-fanout15": 0.19421157112837217, "Predicting Variabilities in Cardiac Gene_26207376-fanout16": 0.4056390622295664, "Predicting Variabilities in Cardiac Gene_26207376-fanout17": 0.10060252965230077, "Predicting Variabilities in Cardiac Gene_26207376-fanout18": 0.09436093777043353, "Predicting Variabilities in Cardiac Gene_26207376-fanout19": 0.14749013567480918, "Predicting Variabilities in Cardiac Gene_26207376-fanout20": 0.014873038745696121, "Predicting Variabilities in Cardiac Gene_26207376-fanout21": 0.2454926436407029, "Predicting Variabilities in Cardiac Gene_26207376-fanout22": 0.26921007158989607, "Predicting Variabilities in Cardiac Gene_26207376-fanout23": 0.2000772311361217, "Predicting Variabilities in Cardiac Gene_26207376-fanout24": 0.16050909089394547, "Predicting Variabilities in Cardiac Gene_26207376-fanout25": 0.5, "Predicting Variabilities in Cardiac Gene_26207376-fanin1": 0.06484111564122136, "Predicting Variabilities in Cardiac Gene_26207376-fanin2": 0.14211534831626604, "Predicting Variabilities in Cardiac Gene_26207376-fanin3": 0.0, "Predicting Variabilities in Cardiac Gene_26207376-fanin4": 0.1752095442456133, "Predicting Variabilities in Cardiac Gene_26207376-fanin5": 0.1306754804864544, "Predicting Variabilities in Cardiac Gene_26207376-fanin6": 0.20120505930460145, "Predicting Variabilities in Cardiac Gene_26207376-fanin7": 0.0892169788741454, "Predicting Variabilities in Cardiac Gene_26207376-fanin8": 0.09011028733004237, "Predicting Variabilities in Cardiac Gene_26207376-fanin9": 0.09021180732126133, "Predicting Variabilities in Cardiac Gene_26207376-fanin10": 0.1154900470750994, "Predicting Variabilities in Cardiac Gene_26207376-fanin11": 0.10436323798557538, "Predicting Variabilities in Cardiac Gene_26207376-fanin12": 0.10523637301466782, "Predicting Variabilities in Cardiac Gene_26207376-fanin13": 0.0927874436063883, "Predicting Variabilities in Cardiac Gene_26207376-fanin14": 0.1162559187490445, "Predicting Variabilities in Cardiac Gene_26207376-fanin15": 0.0, "Predicting Variabilities in Cardiac Gene_26207376-fanin16": 0.20120505930460142, "Predicting Variabilities in Cardiac Gene_26207376-fanin17": 0.0, "Predicting Variabilities in Cardiac Gene_26207376-fanin18": 0.12871321487872556, "Predicting Variabilities in Cardiac Gene_26207376-fanin19": 0.0897983307312121, "Predicting Variabilities in Cardiac Gene_26207376-fanin20": 0.17012964855254092, "Predicting Variabilities in Cardiac Gene_26207376-fanin21": 0.10205550648337203, "Predicting Variabilities in Cardiac Gene_26207376-cascade1": 0.09646065153629302, "Predicting Variabilities in Cardiac Gene_26207376-cascade2": 0.3899269348454686, "Predicting Variabilities in Cardiac Gene_26207376-cascade3": 0.054062766185275724, "Predicting Variabilities in Cardiac Gene_26207376-cascade4": 0.3899269348454686, "Predicting Variabilities in Cardiac Gene_26207376-cascade5": 0.18872187554086706, "Predicting Variabilities in Cardiac Gene_26207376-cascade6": 0.20120505930460153, "Predicting Variabilities in Cardiac Gene_26207376-cascade7": 0.20120505930460153, "Predicting Variabilities in Cardiac Gene_26207376-cascade8": 0.2767064486745516, "Predicting Variabilities in Cardiac Gene_26207376-cascade9": 0.27375813381292136, "Predicting Variabilities in Cardiac Gene_26207376-cascade10": 0.28749278669323475, "Predicting Variabilities in Cardiac Gene_26207376-cascade11": 0.18872187554086706, "Predicting Variabilities in Cardiac Gene_26207376-cascade12": 0.18852710119171623, "Predicting Variabilities in Cardiac Gene_26207376-cascade13": 0.23174374826337318, "Predicting Variabilities in Cardiac Gene_26207376-cascade14": 0.25602496331084845, "Predicting Variabilities in Cardiac Gene_26207376-cascade15": 0.2089299203849389, "Predicting Variabilities in Cardiac Gene_26207376-cascade16": 0.0, "Predicting Variabilities in Cardiac Gene_26207376-cascade17": 0.24953083231454506, "Predicting Variabilities in Cardiac Gene_26207376-cascade18": 0.08405596427247763, "Predicting Variabilities in Cardiac Gene_26207376-cascade19": 0.23174374826337318, "Predicting Variabilities in Cardiac Gene_26207376-cascade20": 0.07184633490982603, "Predicting Variabilities in Cardiac Gene_26207376-cascade21": 0.0, "Predicting Variabilities in Cardiac Gene_26207376-cascade22": 0.12670829320926827, "Predicting Variabilities in Cardiac Gene_26207376-cascade23": 0.28749278669323475, "Predicting Variabilities in Cardiac Gene_26207376-cascade24": 0.2561609818545322, "Predicting Variabilities in Cardiac Gene_26207376-cascade25": 0.25602496331084845, "Predicting Variabilities in Cardiac Gene_26207376-cascade26": 0.10593312805680477, "Predicting Variabilities in Cardiac Gene_26207376-cascade27": 0.18872187554086706, "Predicting Variabilities in Cardiac Gene_26207376-cascade28": 0.24953083231454506, "Predicting Variabilities in Cardiac Gene_26207376-cascade29": 0.30079649457083724, "Predicting Variabilities in Cardiac Gene_26207376-cascade30": 0.3899269348454686, "Predicting Variabilities in Cardiac Gene_26207376-cascade31": 0.12335567973471284, "Predicting Variabilities in Cardiac Gene_26207376-cascade32": 0.18872187554086706, "Predicting Variabilities in Cardiac Gene_26207376-cascade33": 0.2104899686006716, "Predicting Variabilities in Cardiac Gene_26207376-cascade34": 0.30079649457083724, "Predicting Variabilities in Cardiac Gene_26207376-mutualin1": 0.22730165229148036, "Predicting Variabilities in Cardiac Gene_26207376-mutualin2": 0.16335607777686817, "Predicting Variabilities in Cardiac Gene_26207376-mutualin3": 0.281561380484214, "Predicting Variabilities in Cardiac Gene_26207376-mutualin4": 0.2090868760234568, "Predicting Variabilities in Cardiac Gene_26207376-mutualin5": 0.17506880423407423, "Predicting Variabilities in Cardiac Gene_26207376-mutualin6": 0.21018981334901488, "Predicting Variabilities in Cardiac Gene_26207376-mutualin7": 0.19457536059931702, "Predicting Variabilities in Cardiac Gene_26207376-FFL1": 0.06946812888965193, "Predicting Variabilities in Cardiac Gene_26207376-FFL2": 0.15447665795987825, "Predicting Variabilities in Cardiac Gene_26207376-FFL3": 0.31718772275561236, "Predicting Variabilities in Cardiac Gene_26207376-FFL4": 0.18872187554086728, "Predicting Variabilities in Cardiac Gene_26207376-FFL5": 0.046125521756797294, "Predicting Variabilities in Cardiac Gene_26207376-FFL6": 0.18143087560290833, "Predicting Variabilities in Cardiac Gene_26207376-FFL7": 0.27294251452807694, "Predicting Variabilities in Cardiac Gene_26207376-FFL8": 0.18872187554086728, "Predicting Variabilities in Cardiac Gene_26207376-FFL9": 0.09436093777043353, "Predicting Variabilities in Cardiac Gene_26207376-FFL10": 0.3158075073257558, "Predicting Variabilities in Cardiac Gene_26207376-FFL11": 0.029746077491392242,